claim_id,policy_id,claim_type,claim_amount,days_since_policy_start,num_prior_claims,incident_report_delay_days,is_weekend_claim,claim_channel,fraud_label
200001,52306,Motor,1171.62,42,0,4,0,Phone,0
200002,50795,Motor,1192.21,3024,2,6,1,Phone,0
200003,55049,Travel,3567.16,2241,1,6,0,Phone,0
200004,52126,Motor,1311.54,970,0,4,0,Phone,0
200005,55662,Motor,1237.59,3538,1,0,0,Broker,0
200006,51460,Motor,6705.69,604,0,5,1,Phone,0
200007,51990,Motor,1411.26,1067,3,4,0,Phone,0
200008,50029,Motor,3183.48,114,0,4,0,Online,0
200009,52691,Home,2017.59,3214,0,3,0,Broker,0
200010,54535,Home,1885.14,3123,2,6,0,Phone,0
200011,51052,Home,1345.32,229,2,5,0,Broker,0
200012,54858,Home,1077.33,1655,1,4,0,Phone,0
200013,52657,Motor,3762.01,2436,2,6,0,Online,0
200014,51160,Travel,4620.24,1646,2,3,0,Online,0
200015,54720,Motor,2740.91,3366,2,3,1,Online,0
200016,50917,Travel,1179.38,1977,2,1,0,Online,1
200017,54514,Motor,7989.15,72,0,5,0,Online,0
200018,55415,Home,1129.62,1836,0,6,0,Phone,1
200019,55146,Home,2931.98,2309,1,6,0,Online,0
200020,53397,Motor,2458.28,594,0,2,0,Online,0
200021,55108,Home,552.26,3597,0,2,1,Phone,0
200022,55745,Motor,693.07,343,0,2,0,Broker,1
200023,51853,Home,4236.42,2159,1,2,0,Phone,0
200024,51787,Motor,2827.56,444,2,2,1,Online,0
200025,50202,Home,3316.87,2494,0,4,0,Phone,1
200026,53189,Motor,2239.53,3117,0,1,1,Online,0
200027,53120,Travel,597.96,99,0,3,0,Online,0
200028,55534,Home,5502.59,1581,2,4,0,Online,0
200029,54757,Motor,3994.26,3511,2,2,0,Online,0
200030,52410,Motor,1574.98,39,1,4,0,Broker,1
200031,53424,Motor,1653.07,36,1,8,0,Online,0
200032,55959,Motor,1303.88,968,0,4,0,Online,0
200033,54023,Motor,3359.04,2015,0,2,1,Phone,1
200034,51274,Motor,1580.63,1748,1,3,1,Online,0
200035,54393,Motor,2755.09,3165,2,5,1,Phone,1
200036,51270,Home,8117.04,2841,0,2,0,Phone,0
200037,51985,Motor,2642.62,2552,1,3,0,Online,0
200038,50976,Home,4036.99,949,3,4,1,Broker,0
200039,55636,Home,3172.48,1307,4,6,0,Phone,0
200040,54389,Motor,3549.58,3112,1,4,0,Online,0
200041,52530,Motor,4798.21,2511,2,9,0,Online,0
200042,51958,Motor,684.49,2020,1,5,0,Broker,1
200043,53722,Home,1018.53,1899,2,5,0,Online,0
200044,55170,Home,3928.5,2235,0,2,0,Online,0
200045,51492,Home,1249.21,1009,0,3,0,Phone,0
200046,52275,Home,3130.16,867,0,4,1,Broker,0
200047,50292,Motor,2622.38,378,1,5,0,Online,0
200048,53289,Motor,1898.89,3294,1,3,1,Phone,0
200049,51336,Home,2035.2,1185,4,6,1,Online,0
200050,50260,Motor,1869.35,2443,1,4,0,Phone,0
200051,50074,Motor,1115.38,262,1,2,1,Online,0
200052,53367,Motor,774.52,2170,2,1,0,Online,0
200053,51313,Home,2219.75,2410,1,3,0,Broker,0
200054,50366,Home,2250.46,576,3,4,0,Online,0
200055,51083,Motor,2427.19,3238,0,3,0,Phone,0
200056,50535,Home,1298.46,942,2,1,1,Phone,0
200057,55081,Motor,2793.24,3502,3,2,0,Online,1
200058,51104,Home,1933.12,44,2,3,1,Phone,0
200059,54172,Motor,1569.73,2705,1,4,0,Online,0
200060,50140,Home,2033.61,3224,1,2,1,Phone,0
200061,53981,Home,2433.46,2348,1,4,1,Phone,0
200062,51551,Motor,6766.89,1123,0,1,0,Phone,0
200063,53464,Motor,2473.9,1702,0,5,1,Online,0
200064,53873,Motor,1328.89,3330,2,2,0,Online,0
200065,53779,Motor,2872.63,829,2,3,1,Online,0
200066,52337,Motor,587.44,3609,0,3,0,Online,0
200067,50725,Travel,4906.02,466,1,3,0,Online,0
200068,51488,Motor,177.77,1459,1,4,0,Phone,0
200069,50911,Home,958.41,1737,0,2,1,Phone,0
200070,53116,Motor,7746.92,2603,1,10,0,Online,0
200071,53490,Home,3577.11,195,2,4,1,Phone,0
200072,54431,Travel,711.08,2020,0,5,0,Phone,1
200073,52301,Travel,8014.37,1059,1,1,0,Online,0
200074,50479,Home,2690.62,642,1,5,0,Phone,1
200075,53380,Motor,834.37,3444,0,2,0,Online,1
200076,51137,Motor,1403.61,3438,1,3,0,Online,0
200077,54285,Home,633.42,2725,0,3,0,Broker,1
200078,51044,Travel,7285.43,587,2,5,1,Broker,0
200079,52563,Home,534.85,1075,0,7,0,Phone,0
200080,55722,Motor,915.05,1353,1,4,0,Phone,0
200081,53142,Home,1548.09,3580,0,6,0,Online,0
200082,54006,Motor,1552.41,2192,0,4,0,Online,0
200083,50365,Home,2884.59,916,1,3,0,Phone,0
200084,50250,Motor,2289.36,2135,1,4,0,Online,0
200085,55336,Travel,1647.01,1467,0,1,0,Online,0
200086,55553,Travel,3492.03,2963,1,1,0,Online,0
200087,50790,Home,1332.91,2283,0,5,0,Broker,0
200088,54326,Home,3144.12,1043,0,2,0,Online,0
200089,53068,Travel,1324.28,2503,1,1,0,Online,1
200090,54830,Travel,10284.36,1178,1,2,0,Phone,1
200091,52450,Home,2162.06,1096,0,5,0,Phone,0
200092,52467,Home,1737.68,2699,1,6,1,Online,0
200093,51294,Motor,1630.47,3559,0,5,0,Online,0
200094,55847,Motor,2388.77,1156,1,4,0,Broker,1
200095,50370,Travel,4488.89,2574,3,4,0,Online,0
200096,54182,Home,1004.52,3632,0,6,0,Online,0
200097,54516,Motor,2426.41,1009,0,2,0,Online,0
200098,51364,Home,1951.31,610,3,6,0,Online,1
200099,51289,Motor,2587.06,3466,0,1,0,Online,0
200100,54644,Motor,2281.11,33,1,3,0,Phone,0
200101,52402,Home,4476.77,1805,0,6,1,Phone,0
200102,55007,Home,285.84,3547,1,1,0,Broker,0
200103,51120,Motor,3294.62,979,3,1,1,Phone,0
200104,55725,Home,1553.61,144,1,2,1,Phone,0
200105,54119,Motor,4915.34,982,2,3,0,Online,0
200106,54605,Motor,3583.04,1171,4,5,0,Online,1
200107,51123,Motor,3417.8,2283,0,3,0,Broker,1
200108,50769,Motor,2187.98,3591,1,3,0,Phone,0
200109,50183,Motor,1404.38,2813,2,3,0,Online,1
200110,51527,Home,1896.37,3598,2,5,1,Phone,0
200111,53709,Motor,1609.83,3466,2,3,0,Broker,0
200112,52669,Motor,3888.92,2616,0,4,0,Online,0
200113,53968,Home,4268.11,2985,0,6,1,Broker,0
200114,51353,Motor,2326.51,1398,2,2,0,Phone,0
200115,52321,Home,5614.32,3609,0,4,1,Online,0
200116,51498,Motor,3823.58,1097,2,4,1,Online,0
200117,53543,Motor,1878.71,2869,0,5,1,Online,0
200118,52138,Motor,2047.36,3156,1,2,0,Online,0
200119,55218,Home,3646.88,416,2,7,0,Phone,0
200120,53909,Motor,684.18,187,0,4,0,Phone,0
200121,50576,Travel,329.97,481,1,6,0,Online,0
200122,53339,Travel,3427.24,3520,2,1,0,Online,0
200123,54306,Motor,2878.87,2697,2,4,0,Phone,1
200124,52518,Motor,4073.18,2100,1,3,0,Online,0
200125,50379,Travel,1187.97,3291,3,4,0,Online,0
200126,52368,Home,8164.01,1689,1,5,1,Online,1
200127,50317,Home,1207.86,2151,0,1,0,Online,0
200128,53519,Motor,873.92,1684,0,0,1,Online,0
200129,55684,Motor,2672.27,673,0,3,0,Online,0
200130,50203,Motor,1801.15,82,1,4,0,Online,0
200131,53466,Home,2492.05,1782,1,7,0,Phone,0
200132,50417,Motor,3860.09,567,0,5,0,Online,0
200133,50744,Home,636.59,2092,0,4,0,Broker,0
200134,51929,Home,464.38,2385,1,2,0,Online,0
200135,53121,Home,4153.45,3648,2,3,1,Online,0
200136,54059,Home,2225.06,2311,2,2,0,Phone,1
200137,55958,Motor,645.21,59,1,4,0,Phone,1
200138,52684,Home,1874.27,918,1,2,0,Online,0
200139,54702,Home,2043.97,457,1,6,0,Online,1
200140,54531,Home,912.86,2000,1,1,0,Broker,0
200141,54551,Home,2550.71,124,0,3,0,Broker,0
200142,53772,Motor,3171.09,983,0,6,1,Online,0
200143,54971,Travel,1442.97,2634,3,5,0,Phone,0
200144,54361,Home,281.29,1645,2,3,0,Online,0
200145,55786,Motor,863.92,470,1,4,0,Online,0
200146,53549,Motor,1909.81,3135,2,8,0,Broker,1
200147,51761,Motor,1193.5,2308,2,2,0,Phone,1
200148,54007,Motor,2040.85,524,2,4,1,Phone,0
200149,50048,Motor,4436.91,109,3,4,1,Phone,0
200150,53314,Motor,1776.62,2190,1,5,0,Online,0
200151,50298,Motor,1154.57,2231,1,6,0,Broker,0
200152,53282,Home,2691.32,3252,1,2,0,Phone,0
200153,52606,Motor,4437.22,2208,0,3,1,Online,0
200154,51487,Motor,3223.01,2873,1,7,1,Phone,1
200155,50117,Travel,2559.43,291,1,0,1,Broker,0
200156,55085,Motor,631.54,2304,2,2,0,Online,1
200157,51422,Motor,2692.87,1235,1,2,0,Phone,0
200158,54022,Motor,5610.25,1466,2,4,0,Online,0
200159,54788,Home,809.82,1419,1,6,1,Phone,0
200160,52021,Motor,1958.11,2128,2,7,1,Online,0
200161,51619,Home,4932.88,425,1,3,0,Broker,0
200162,55250,Motor,1568.08,3436,2,3,0,Phone,1
200163,53703,Travel,3583.33,871,1,1,0,Online,0
200164,52894,Motor,1769.49,357,0,4,0,Phone,0
200165,54364,Motor,4921.48,1863,0,3,0,Online,0
200166,50745,Motor,1317.9,2770,2,3,1,Online,0
200167,50229,Travel,1550.43,2498,0,5,0,Online,0
200168,51263,Motor,4701.85,461,0,6,1,Online,0
200169,51823,Home,5325.53,2425,0,6,1,Broker,0
200170,54729,Motor,976.36,1077,2,4,0,Broker,0
200171,52272,Travel,1469.49,1529,1,2,0,Online,1
200172,52012,Motor,3461.1,1901,3,3,1,Phone,0
200173,50014,Home,3769.06,1500,1,5,1,Online,0
200174,55087,Home,2767.53,2341,2,3,0,Phone,0
200175,52215,Motor,1245.65,2179,0,12,0,Phone,0
200176,55741,Home,2323.16,632,0,6,1,Online,0
200177,53255,Travel,4855.02,2145,1,4,1,Online,0
200178,51947,Home,1494.84,2279,1,8,0,Phone,0
200179,53177,Motor,4051.64,3413,1,3,0,Phone,0
200180,54494,Home,1169.57,483,3,3,0,Phone,0
200181,53415,Motor,575.4,3417,0,5,1,Broker,0
200182,52117,Home,5224.59,1007,4,2,1,Broker,0
200183,53413,Motor,2152.86,104,2,5,0,Phone,0
200184,54046,Motor,4397.05,2680,1,2,1,Online,0
200185,52964,Motor,1898.39,2107,0,6,1,Phone,1
200186,51683,Travel,1094.28,41,1,3,1,Broker,0
200187,54846,Motor,3696.51,447,2,5,1,Broker,1
200188,50186,Home,1982.27,165,1,3,0,Online,0
200189,52650,Motor,6134.42,3462,1,5,0,Broker,0
200190,51824,Motor,1262.75,2086,2,3,1,Phone,0
200191,50451,Travel,173.02,366,0,3,0,Broker,0
200192,55845,Motor,2981.23,1534,3,7,0,Online,0
200193,52716,Motor,3086.19,1897,1,2,0,Broker,0
200194,55623,Home,808.16,558,1,1,0,Online,0
200195,52801,Motor,571.29,3569,1,2,1,Online,0
200196,52350,Motor,4060.92,1389,0,11,1,Online,1
200197,50232,Home,1005.91,3385,2,5,0,Online,0
200198,53249,Motor,941.51,632,1,2,0,Online,0
200199,53380,Motor,1190.77,2820,0,4,0,Phone,0
200200,50687,Motor,2544.43,2566,1,6,1,Online,0
200201,52864,Motor,2437.4,2827,1,7,0,Online,1
200202,51768,Home,1473.58,2372,3,3,0,Phone,1
200203,51941,Home,3909.64,3518,3,5,0,Online,0
200204,55349,Home,959.53,1630,3,1,0,Online,0
200205,50872,Motor,1995.57,2843,0,4,0,Online,1
200206,55904,Motor,556.89,841,0,5,0,Phone,0
200207,51320,Home,954.7,2589,0,4,0,Online,0
200208,54492,Motor,2554.33,1913,2,6,0,Broker,0
200209,51687,Motor,7467.56,2782,3,5,0,Phone,0
200210,53193,Motor,2934.59,1753,0,1,1,Broker,0
200211,50086,Motor,4783.0,3486,2,4,0,Online,1
200212,51546,Motor,1431.56,1242,1,4,0,Online,1
200213,53812,Travel,1194.21,1130,0,5,1,Online,1
200214,55231,Motor,1984.88,3104,0,1,1,Broker,0
200215,50991,Travel,1364.08,3448,0,1,0,Online,0
200216,52595,Travel,3459.1,2923,0,5,0,Broker,1
200217,51847,Motor,2736.18,2319,3,4,0,Phone,0
200218,53098,Motor,2826.77,3579,1,4,0,Online,0
200219,52357,Travel,5069.44,443,0,3,0,Phone,0
200220,53021,Home,4378.46,1164,1,1,0,Phone,0
200221,51118,Motor,2892.75,1434,1,4,1,Online,0
200222,55782,Motor,862.31,3038,0,4,0,Online,1
200223,50210,Home,1743.82,786,3,6,1,Online,0
200224,50265,Travel,5656.93,2388,2,2,1,Online,0
200225,52936,Travel,1318.16,540,0,9,0,Online,1
200226,53664,Home,3072.5,526,0,5,1,Phone,1
200227,54273,Motor,2016.91,2789,3,4,0,Online,1
200228,53290,Travel,2113.2,1658,1,1,1,Online,0
200229,53604,Motor,1177.56,713,2,0,0,Phone,0
200230,53662,Motor,4995.74,2559,0,3,1,Phone,0
200231,51838,Motor,2242.92,3539,2,7,0,Phone,1
200232,55455,Travel,698.62,1247,0,2,0,Online,0
200233,53251,Motor,5470.44,980,0,6,0,Online,0
200234,55428,Travel,947.33,1762,0,1,0,Phone,1
200235,53082,Home,4398.75,1388,2,6,0,Phone,0
200236,55491,Home,2231.16,3206,0,3,1,Online,0
200237,52839,Home,3030.25,2996,1,3,0,Online,1
200238,55982,Motor,1329.87,2812,2,5,0,Phone,0
200239,54976,Motor,2837.03,609,0,6,0,Broker,0
200240,55642,Home,2761.06,2029,1,3,0,Broker,0
200241,51194,Motor,1225.71,527,0,3,0,Phone,0
200242,55250,Motor,4562.52,1965,1,2,0,Online,0
200243,52872,Motor,745.42,2301,0,4,1,Online,0
200244,50327,Home,2036.26,2496,1,4,1,Phone,0
200245,50455,Motor,1233.35,3583,1,7,0,Online,0
200246,51023,Home,3446.85,1773,1,6,0,Online,0
200247,55322,Motor,3147.62,3402,0,6,0,Phone,0
200248,52565,Motor,3897.97,2575,1,5,0,Phone,1
200249,52027,Motor,3934.32,1484,1,4,1,Phone,0
200250,51205,Motor,3341.49,1609,1,4,0,Phone,1
200251,55462,Motor,901.14,3123,4,4,0,Online,0
200252,52982,Home,3955.97,3340,3,1,0,Phone,1
200253,52504,Motor,9531.37,2549,2,10,0,Online,0
200254,55585,Motor,194.61,2201,1,8,0,Online,0
200255,53628,Motor,921.63,142,1,4,0,Phone,0
200256,55018,Motor,2151.9,2047,0,3,1,Online,0
200257,54987,Motor,929.83,3377,1,8,0,Online,0
200258,53423,Home,1389.95,2230,2,1,0,Broker,0
200259,52546,Travel,4593.71,3252,1,7,0,Phone,0
200260,53119,Motor,4624.66,815,1,7,1,Online,0
200261,55409,Motor,7764.86,19,1,2,1,Online,1
200262,54166,Travel,3900.06,1807,0,5,0,Online,0
200263,51990,Motor,5258.06,1477,1,3,1,Phone,1
200264,55491,Home,621.21,3375,2,6,0,Phone,0
200265,55057,Motor,2583.46,2333,0,4,0,Phone,0
200266,54719,Motor,3059.63,3062,1,2,1,Online,0
200267,55049,Home,883.33,2883,0,6,0,Phone,0
200268,55951,Motor,1324.48,1006,2,3,0,Online,0
200269,54641,Home,2661.29,1108,1,5,1,Phone,0
200270,53604,Motor,3747.22,860,0,4,0,Broker,0
200271,53584,Home,248.26,1497,0,4,1,Phone,0
200272,50489,Motor,5188.04,3175,5,5,0,Broker,0
200273,54661,Motor,1666.4,1440,1,5,1,Phone,0
200274,54859,Motor,1591.71,2315,2,5,0,Phone,0
200275,51699,Motor,1662.21,3269,2,3,0,Online,0
200276,54101,Home,485.99,1332,1,6,0,Online,0
200277,52972,Home,3085.89,796,1,1,0,Online,0
200278,55881,Motor,5004.45,939,2,3,0,Phone,0
200279,54924,Travel,4660.2,1765,1,8,0,Online,0
200280,55055,Home,2151.99,1334,1,5,0,Phone,0
200281,55679,Motor,2565.6,3109,0,4,0,Online,0
200282,50889,Motor,1535.02,2289,1,4,0,Phone,0
200283,53375,Home,2194.45,2349,2,4,0,Online,0
200284,55010,Home,4269.53,2546,2,3,0,Phone,0
200285,50963,Travel,1314.11,2972,2,4,0,Phone,0
200286,53321,Motor,743.81,3402,2,5,0,Online,0
200287,51822,Motor,1961.98,1072,0,4,0,Online,0
200288,55939,Motor,2024.69,1120,1,7,1,Online,0
200289,51442,Motor,2993.28,3000,0,5,1,Phone,0
200290,52422,Home,4720.53,178,0,3,0,Online,0
200291,53923,Motor,3831.21,2035,1,1,0,Online,0
200292,55053,Home,576.13,3466,4,8,0,Online,1
200293,54673,Motor,2808.46,3277,1,4,0,Phone,0
200294,50924,Motor,1754.24,527,1,3,0,Phone,0
200295,55398,Travel,1464.5,3075,0,9,0,Phone,0
200296,51642,Motor,685.1,1538,1,5,1,Phone,0
200297,53451,Travel,6748.95,432,2,4,0,Online,0
200298,54415,Motor,2100.79,3221,0,5,1,Online,0
200299,55202,Home,707.56,2186,2,2,0,Online,0
200300,51088,Home,4705.11,632,2,5,0,Broker,0
200301,51903,Home,1894.81,691,1,4,0,Online,0
200302,50239,Home,1807.65,420,1,7,0,Online,0
200303,52452,Travel,4072.46,1339,1,5,0,Online,0
200304,54907,Motor,672.6,1401,1,0,0,Online,1
200305,55958,Travel,1059.13,3201,2,2,0,Phone,0
200306,54761,Travel,4209.31,2399,2,7,0,Phone,0
200307,50603,Motor,2085.84,1111,1,3,1,Broker,0
200308,54776,Motor,7420.44,146,1,3,0,Online,1
200309,50619,Motor,7870.57,1897,2,5,0,Online,0
200310,50706,Travel,2342.13,2447,0,0,0,Phone,0
200311,54062,Home,1480.13,961,2,7,1,Online,0
200312,53707,Motor,2276.01,1149,0,3,0,Broker,0
200313,54633,Motor,1229.2,859,0,5,0,Broker,0
200314,54190,Motor,3303.1,2852,1,5,0,Online,0
200315,50476,Home,3495.1,183,1,6,0,Online,0
200316,54737,Home,1148.36,152,0,3,0,Broker,0
200317,51205,Motor,3277.73,3102,1,2,1,Online,1
200318,53167,Motor,229.19,400,0,2,0,Online,0
200319,54024,Home,659.18,1337,0,2,0,Online,0
200320,55574,Travel,571.95,181,1,7,0,Phone,1
200321,55467,Motor,1915.31,3585,0,6,1,Online,0
200322,55466,Home,1323.87,699,1,4,0,Online,0
200323,50249,Motor,2616.01,2442,1,3,0,Broker,0
200324,51254,Home,6015.89,1642,2,8,1,Online,0
200325,51803,Motor,1810.6,2576,1,2,0,Phone,0
200326,50230,Motor,2441.87,1617,0,5,0,Phone,0
200327,53387,Motor,1835.2,2862,0,3,0,Phone,0
200328,51956,Home,6024.17,2985,0,4,0,Phone,0
200329,54952,Motor,2031.23,3094,0,4,1,Online,0
200330,54737,Home,1232.45,3227,0,4,1,Online,0
200331,55905,Home,3878.51,1045,1,3,0,Phone,0
200332,50108,Home,4312.59,3340,2,4,0,Phone,0
200333,53764,Home,3459.35,1059,0,9,0,Phone,0
200334,52529,Travel,905.03,2888,2,4,0,Phone,1
200335,54781,Motor,3357.28,588,2,3,0,Broker,0
200336,53171,Motor,3078.26,172,1,3,1,Broker,0
200337,53148,Motor,4032.82,815,3,4,1,Broker,0
200338,54373,Home,738.03,3431,3,7,0,Broker,0
200339,50786,Motor,3367.09,271,3,4,1,Online,0
200340,50214,Travel,1546.0,551,2,3,0,Online,0
200341,50895,Motor,2005.3,662,0,5,0,Phone,0
200342,55905,Travel,10728.94,3594,1,5,0,Online,0
200343,55958,Travel,4805.62,1394,2,2,1,Online,0
200344,54417,Home,4318.31,1613,1,4,0,Phone,1
200345,54473,Motor,149.77,357,0,7,1,Online,0
200346,54299,Motor,2587.31,1776,0,7,0,Broker,1
200347,50845,Home,4152.19,1570,2,3,1,Broker,1
200348,55769,Motor,3309.82,673,1,5,0,Online,1
200349,54865,Travel,931.7,1580,2,5,0,Phone,0
200350,53757,Motor,5339.8,3365,1,5,1,Online,0
200351,53204,Motor,2568.01,489,0,6,0,Online,0
200352,51863,Travel,3609.42,3582,0,5,0,Online,0
200353,52789,Motor,4114.55,145,0,3,0,Online,0
200354,54174,Motor,1919.01,22,1,1,1,Phone,0
200355,54585,Motor,1592.5,2532,1,8,0,Online,0
200356,54953,Motor,3218.98,1205,2,6,1,Online,1
200357,51778,Travel,3020.19,2815,0,4,0,Online,0
200358,52809,Motor,619.46,2270,2,1,0,Phone,0
200359,54868,Home,962.23,2819,4,6,0,Online,0
200360,51368,Motor,1767.3,1554,0,3,0,Phone,0
200361,50826,Motor,3209.96,3423,0,5,0,Online,0
200362,55491,Home,3512.15,644,2,5,0,Phone,1
200363,51398,Motor,563.79,2741,2,6,1,Online,0
200364,55765,Motor,2056.84,2617,3,7,0,Online,0
200365,51728,Motor,623.12,1054,0,3,0,Phone,0
200366,54331,Travel,3062.94,3402,2,3,0,Phone,0
200367,52336,Motor,2362.94,516,2,5,0,Phone,0
200368,54529,Motor,832.96,1890,1,5,0,Online,0
200369,51369,Home,2763.88,3609,2,2,0,Phone,0
200370,50702,Home,2000.0,267,0,2,1,Phone,0
200371,52917,Travel,1661.62,2411,1,3,0,Online,0
200372,51664,Motor,2331.84,1711,1,3,0,Online,0
200373,52573,Motor,1534.31,1039,0,3,0,Online,1
200374,55390,Home,4780.68,215,2,8,0,Online,0
200375,53783,Home,1683.65,2873,1,5,1,Online,1
200376,50787,Home,736.76,28,1,7,1,Phone,1
200377,55161,Motor,1813.27,1337,1,3,0,Online,1
200378,55931,Motor,3185.41,2963,4,4,0,Phone,1
200379,50356,Home,4320.23,2119,2,3,0,Phone,0
200380,52686,Motor,7687.37,3286,2,2,0,Phone,0
200381,54766,Motor,3453.86,1961,1,4,0,Broker,0
200382,54071,Motor,2723.25,1857,2,5,0,Broker,0
200383,51625,Motor,4083.06,3356,1,3,0,Online,1
200384,52404,Travel,1806.4,1432,0,4,0,Phone,0
200385,50471,Travel,3031.14,601,2,5,0,Online,0
200386,51070,Motor,3097.29,123,0,1,0,Phone,0
200387,54109,Motor,2588.79,1975,0,3,1,Online,0
200388,55090,Home,293.42,2035,2,3,0,Online,0
200389,51931,Travel,9695.75,1132,0,4,0,Online,0
200390,50400,Motor,1864.2,2139,1,4,0,Online,0
200391,52608,Motor,1069.98,2811,0,5,0,Online,0
200392,54313,Home,1347.77,1984,0,4,1,Online,0
200393,50159,Motor,7633.22,2087,0,7,0,Online,1
200394,54042,Motor,333.42,2072,1,3,0,Online,1
200395,50383,Home,1373.87,3018,2,2,0,Online,0
200396,51642,Travel,2063.65,272,1,3,0,Broker,0
200397,55895,Motor,5338.26,1891,3,3,0,Phone,0
200398,55937,Motor,2065.61,1855,2,7,1,Broker,0
200399,52843,Motor,3764.16,1026,3,4,0,Online,0
200400,52497,Home,1841.23,1949,0,3,0,Broker,0
200401,51763,Travel,4370.55,3632,1,4,0,Online,0
200402,51733,Motor,1269.87,2328,2,5,0,Broker,0
200403,51842,Home,1037.79,197,0,7,0,Phone,0
200404,53619,Motor,1698.8,2345,1,3,0,Broker,1
200405,51813,Motor,1281.29,1789,1,6,0,Online,0
200406,53798,Travel,2517.26,1514,1,2,0,Phone,0
200407,54161,Motor,1653.82,1203,1,1,1,Online,1
200408,53189,Travel,6712.95,3584,0,5,1,Online,0
200409,52040,Home,805.73,1651,1,2,1,Online,0
200410,55565,Travel,1461.99,3605,0,4,0,Phone,0
200411,51165,Travel,1963.73,311,0,6,1,Phone,1
200412,50836,Home,482.51,2128,0,4,0,Phone,1
200413,53893,Motor,2083.74,2186,0,2,0,Online,0
200414,52061,Home,4349.0,836,2,2,0,Online,0
200415,54498,Travel,4151.32,496,1,7,0,Phone,0
200416,55542,Motor,4990.14,2238,1,4,1,Online,0
200417,50517,Motor,1613.44,716,0,6,0,Broker,0
200418,50763,Travel,776.67,116,0,3,0,Online,0
200419,54600,Motor,617.38,1349,1,4,0,Online,0
200420,55352,Motor,1101.78,2884,2,3,0,Phone,0
200421,55386,Travel,4084.1,703,2,8,0,Broker,0
200422,52771,Motor,586.45,1433,1,6,1,Online,1
200423,52955,Motor,5269.03,2671,2,6,1,Online,0
200424,53766,Motor,1358.41,2948,1,2,0,Phone,1
200425,51924,Home,5242.72,224,1,3,0,Online,0
200426,54373,Home,4352.58,2939,1,4,0,Online,0
200427,52081,Motor,2664.56,2234,1,7,0,Broker,1
200428,52412,Motor,2277.64,733,1,1,0,Phone,0
200429,51525,Motor,3588.2,2739,0,4,1,Phone,1
200430,55724,Home,3546.27,1348,0,3,0,Phone,1
200431,53302,Home,1130.47,3053,1,9,0,Broker,0
200432,53056,Home,584.71,3096,1,7,0,Online,0
200433,54882,Motor,1343.2,1601,1,3,0,Online,0
200434,55889,Home,1169.08,2845,1,2,1,Online,1
200435,51410,Home,3594.18,2315,0,1,0,Online,0
200436,53931,Motor,2478.05,624,1,2,1,Online,0
200437,53374,Motor,1231.39,2015,1,2,0,Online,0
200438,50658,Home,862.83,3350,0,3,1,Online,0
200439,50249,Home,984.19,776,1,1,0,Broker,0
200440,52688,Motor,1694.87,1760,0,6,0,Online,0
200441,50272,Home,1713.62,530,2,3,1,Online,0
200442,51279,Motor,4206.67,2660,0,5,1,Phone,0
200443,51418,Travel,2466.29,2069,1,6,0,Online,0
200444,55016,Motor,284.45,79,2,2,1,Phone,0
200445,52657,Home,3039.59,3541,1,7,1,Online,0
200446,55258,Motor,1878.9,1764,2,5,1,Online,0
200447,55410,Travel,1573.04,985,2,5,0,Broker,1
200448,54684,Home,962.41,1381,2,5,0,Broker,0
200449,52744,Motor,1527.46,2517,2,3,0,Phone,0
200450,51887,Motor,919.09,383,1,6,0,Online,1
200451,53420,Motor,3635.44,1620,2,8,0,Broker,1
200452,55742,Home,2070.63,492,1,4,0,Online,0
200453,55055,Home,1587.06,3636,1,4,0,Online,0
200454,50348,Home,603.38,982,0,3,1,Phone,0
200455,53182,Travel,4525.07,407,1,3,1,Phone,1
200456,52284,Home,5630.9,1285,0,1,0,Phone,0
200457,51059,Home,2475.41,19,0,3,1,Phone,0
200458,53114,Motor,959.08,1580,1,7,1,Phone,0
200459,55752,Travel,3467.43,3415,0,2,0,Phone,0
200460,51382,Home,1483.82,2513,2,2,1,Online,0
200461,53317,Motor,690.74,1575,0,6,0,Phone,0
200462,50886,Motor,1286.48,2242,0,3,1,Online,0
200463,54745,Motor,4584.16,3345,2,5,1,Online,1
200464,53313,Home,4208.0,1722,2,4,0,Online,0
200465,51687,Motor,1100.57,616,1,2,1,Online,0
200466,54577,Motor,3523.46,129,4,3,0,Online,0
200467,54373,Home,2648.27,3441,0,8,0,Online,0
200468,55259,Motor,2935.14,476,1,8,0,Phone,0
200469,52746,Home,1846.08,1763,1,3,0,Phone,0
200470,51912,Travel,2957.18,1608,2,4,0,Online,0
200471,53359,Motor,4839.6,3076,0,1,1,Online,0
200472,52598,Home,1818.05,2158,1,5,0,Online,0
200473,54559,Home,1747.75,3276,0,3,0,Online,0
200474,55904,Motor,2980.01,1261,2,6,0,Online,0
200475,54386,Motor,3070.77,2909,0,2,1,Phone,1
200476,55220,Home,1436.91,1427,1,6,0,Online,1
200477,51244,Motor,1079.76,1699,0,3,0,Phone,0
200478,55701,Travel,2729.63,2264,5,2,0,Broker,0
200479,50446,Travel,2607.67,814,2,4,0,Online,0
200480,55119,Travel,3881.05,3307,1,2,0,Online,1
200481,55943,Motor,1384.81,3238,1,4,0,Online,1
200482,52238,Motor,2941.71,426,1,4,0,Online,0
200483,51249,Home,1240.82,1339,2,7,0,Phone,0
200484,53701,Home,4290.79,1365,0,2,0,Online,1
200485,52576,Home,3511.42,3083,3,1,0,Online,1
200486,55854,Home,3248.84,640,3,4,0,Online,0
200487,50783,Travel,3949.26,2552,2,4,0,Broker,0
200488,51592,Motor,839.15,166,3,6,1,Phone,0
200489,54100,Motor,3645.24,3262,1,4,0,Online,0
200490,52406,Travel,3138.73,3137,1,2,0,Online,0
200491,50629,Motor,2554.4,2986,1,4,0,Phone,0
200492,52648,Travel,2457.98,2166,1,1,1,Phone,0
200493,50704,Motor,1171.8,3062,1,7,0,Broker,0
200494,51079,Home,2571.72,2208,0,6,0,Phone,0
200495,51482,Travel,1620.65,3358,0,3,0,Online,0
200496,52736,Travel,2056.64,712,1,3,0,Broker,0
200497,51888,Motor,6016.92,3476,2,4,0,Broker,0
200498,55413,Motor,8546.05,1420,0,6,0,Online,0
200499,53824,Home,890.66,380,3,5,0,Phone,0
200500,50458,Motor,1968.74,297,1,3,0,Online,0
200501,55634,Motor,8645.48,2214,0,5,0,Online,0
200502,51235,Motor,1258.54,723,1,5,0,Phone,0
200503,54169,Motor,2878.91,3273,1,4,0,Phone,0
200504,50105,Travel,1275.94,843,2,1,1,Broker,0
200505,53535,Home,3031.99,3382,2,6,0,Online,0
200506,53674,Travel,3679.02,984,0,1,1,Phone,0
200507,54748,Motor,2836.3,2097,1,4,0,Online,1
200508,51723,Motor,4248.02,1800,0,8,0,Online,0
200509,50609,Home,2193.77,3396,3,2,1,Online,1
200510,54483,Motor,5907.86,2101,2,9,0,Online,1
200511,51579,Home,2088.98,1301,1,3,0,Phone,1
200512,54813,Travel,1756.84,2874,2,2,0,Phone,0
200513,54935,Motor,1006.32,138,1,5,0,Online,0
200514,53559,Motor,1517.49,3601,3,5,0,Phone,0
200515,55019,Home,6294.9,750,0,5,1,Online,0
200516,54586,Home,3701.74,3172,2,4,0,Phone,0
200517,54306,Home,5286.61,1263,2,5,0,Online,0
200518,53083,Motor,2758.05,1425,0,5,0,Online,1
200519,54825,Motor,8129.31,3051,1,3,0,Online,1
200520,50767,Motor,1166.76,3192,2,5,1,Online,0
200521,53420,Motor,4657.7,1976,1,7,0,Online,0
200522,53010,Motor,1397.73,2161,0,6,0,Phone,0
200523,54230,Travel,1933.91,604,1,4,0,Online,0
200524,51870,Motor,2689.32,2357,2,2,0,Broker,0
200525,53635,Home,3378.71,3553,2,2,1,Online,0
200526,50087,Home,6064.46,1591,2,5,0,Phone,0
200527,53258,Motor,3435.6,1655,1,4,1,Phone,0
200528,54731,Motor,4974.86,2490,1,6,1,Online,0
200529,53849,Motor,1879.44,3361,0,6,1,Phone,0
200530,55576,Motor,896.46,1382,1,1,0,Online,0
200531,52371,Motor,5187.04,77,0,4,1,Online,0
200532,51020,Home,1932.35,2338,3,5,0,Online,0
200533,54060,Motor,1129.35,1967,0,2,0,Online,1
200534,50039,Home,1799.4,2481,2,3,0,Online,0
200535,54737,Motor,2866.47,206,1,3,1,Online,0
200536,51280,Motor,3299.21,1550,1,3,0,Online,0
200537,54724,Motor,2859.75,3570,3,5,0,Online,0
200538,51838,Motor,917.8,1589,1,2,0,Online,0
200539,54990,Travel,1775.67,2602,1,5,0,Broker,0
200540,51687,Motor,3536.17,922,0,6,0,Phone,0
200541,51291,Home,1273.83,382,2,9,0,Online,0
200542,53911,Home,3299.71,3372,2,4,0,Online,1
200543,50966,Home,4802.73,526,2,3,0,Online,0
200544,55934,Travel,3175.82,370,1,7,0,Online,0
200545,53126,Motor,3939.92,134,3,4,0,Phone,0
200546,54306,Travel,1398.83,2057,1,3,0,Online,0
200547,55717,Home,3513.46,2390,0,3,0,Online,1
200548,50067,Travel,3882.0,708,1,5,0,Online,0
200549,50054,Motor,5929.51,3074,2,5,0,Broker,1
200550,52924,Motor,4433.59,672,3,2,0,Phone,0
200551,53887,Motor,243.97,2842,1,4,0,Online,0
200552,52987,Travel,2612.12,3585,2,0,0,Online,0
200553,54100,Motor,1965.08,1410,1,9,1,Online,1
200554,51482,Motor,1542.79,587,1,6,0,Online,0
200555,54237,Motor,1399.72,2646,0,1,0,Online,0
200556,54195,Travel,2085.86,1719,1,0,0,Broker,0
200557,50960,Motor,2109.51,2446,1,3,0,Online,0
200558,55582,Home,3139.5,3273,0,3,1,Phone,0
200559,55846,Travel,775.78,1048,0,3,1,Online,0
200560,52657,Home,2526.82,241,1,3,0,Online,1
200561,54721,Home,4861.7,2144,1,3,1,Online,0
200562,51250,Motor,7051.08,361,1,5,1,Online,0
200563,51186,Motor,2524.05,1017,1,1,0,Online,1
200564,55521,Motor,6062.07,3111,3,4,0,Phone,0
200565,55654,Home,865.62,1325,2,4,0,Phone,0
200566,50413,Motor,2059.77,253,2,0,0,Online,0
200567,55983,Motor,1452.7,256,0,3,0,Phone,0
200568,54049,Home,230.6,981,2,7,0,Broker,0
200569,52592,Home,3922.2,3623,0,1,0,Broker,0
200570,52189,Home,2502.65,1030,0,3,0,Online,0
200571,51402,Motor,6726.92,1773,0,1,0,Phone,1
200572,50178,Home,2252.0,819,0,1,0,Online,1
200573,54876,Home,4146.34,851,1,2,0,Broker,1
200574,54485,Travel,2239.97,2132,1,2,1,Online,0
200575,52245,Motor,2910.94,1428,0,6,0,Online,0
200576,50403,Motor,1072.42,2795,0,8,0,Online,0
200577,52423,Home,1229.35,2393,0,3,0,Phone,0
200578,51881,Home,784.57,2739,1,5,0,Phone,0
200579,51240,Motor,3330.64,373,1,1,0,Phone,0
200580,55824,Home,3221.78,3370,1,2,0,Online,0
200581,50079,Motor,5124.03,254,1,6,0,Online,0
200582,55366,Motor,570.63,1715,2,9,1,Online,0
200583,50901,Motor,4199.0,3523,0,2,1,Phone,0
200584,52204,Home,1734.58,1215,2,5,1,Broker,0
200585,51715,Home,3340.11,2625,0,3,0,Online,0
200586,51005,Home,6095.58,2470,1,3,0,Phone,0
200587,50037,Motor,5142.15,3022,1,4,0,Online,0
200588,53664,Motor,2488.52,3632,0,4,0,Phone,0
200589,55714,Home,2889.38,678,1,4,1,Online,0
200590,53203,Home,6108.3,3108,0,2,0,Online,0
200591,54834,Motor,1244.0,3164,2,4,0,Broker,0
200592,51908,Home,1056.39,2198,2,1,0,Phone,0
200593,50267,Home,1075.07,425,1,3,1,Phone,0
200594,54938,Motor,2108.83,3013,0,3,1,Online,0
200595,54518,Motor,1638.87,1378,1,5,1,Broker,0
200596,54286,Travel,2919.4,1044,0,6,0,Broker,1
200597,53879,Home,1587.77,2197,1,9,0,Online,0
200598,55538,Home,1207.96,1155,1,3,0,Online,0
200599,50155,Motor,1182.36,771,3,7,0,Online,0
200600,53879,Home,294.06,3540,1,8,1,Online,0
200601,55783,Motor,1438.73,2416,0,1,0,Phone,0
200602,50723,Motor,1726.96,126,2,3,0,Online,0
200603,50817,Motor,1696.7,886,1,4,0,Online,0
200604,55054,Motor,2137.11,417,2,6,0,Phone,0
200605,50938,Motor,2215.1,1536,1,4,1,Phone,0
200606,55284,Home,3489.84,541,0,6,0,Phone,1
200607,52942,Home,3011.85,1045,1,7,0,Online,0
200608,54728,Motor,2878.76,2385,1,3,0,Online,0
200609,55854,Motor,4587.0,2999,4,3,0,Phone,0
200610,55401,Travel,1873.17,3525,2,4,0,Online,1
200611,52701,Motor,710.02,663,3,2,0,Online,1
200612,50076,Home,736.96,602,2,5,0,Phone,0
200613,54373,Home,3448.89,3235,0,3,0,Phone,0
200614,51434,Home,3071.89,887,1,3,1,Online,0
200615,51853,Home,1781.38,1195,1,1,0,Broker,0
200616,54834,Home,2123.03,399,1,3,0,Phone,0
200617,54719,Home,985.88,1895,2,3,0,Broker,0
200618,52570,Home,524.38,2194,2,4,1,Online,1
200619,51666,Travel,3920.14,2420,0,4,0,Broker,0
200620,53565,Home,870.43,614,0,1,0,Online,0
200621,54517,Motor,2689.0,694,1,6,0,Broker,0
200622,53313,Home,429.7,1631,2,2,0,Online,0
200623,53537,Home,1312.17,1578,2,8,0,Phone,0
200624,54840,Motor,3799.21,253,0,4,0,Online,1
200625,50098,Travel,2556.97,773,1,4,1,Online,0
200626,50292,Motor,420.81,1430,1,2,1,Broker,0
200627,53905,Home,3309.15,247,1,1,1,Phone,0
200628,54720,Motor,2402.55,112,1,2,0,Phone,0
200629,51229,Home,5693.07,1032,1,5,0,Broker,0
200630,54174,Motor,3290.79,322,2,3,0,Online,0
200631,52616,Home,522.78,3514,1,5,0,Broker,1
200632,53278,Motor,5739.0,580,1,0,0,Phone,0
200633,51747,Home,3362.47,3259,2,2,0,Online,0
200634,55182,Motor,4049.48,984,1,8,0,Online,0
200635,55585,Home,2853.8,615,1,6,0,Broker,0
200636,53907,Travel,2491.22,2904,1,4,0,Online,0
200637,55840,Travel,2598.97,115,0,4,0,Broker,1
200638,55808,Home,2779.17,790,3,11,0,Phone,0
200639,54064,Motor,4858.92,1196,1,6,0,Phone,1
200640,53408,Travel,3443.97,717,1,2,0,Phone,1
200641,52191,Motor,1741.05,1748,0,2,1,Online,0
200642,51767,Motor,3185.02,985,0,4,1,Broker,1
200643,50211,Home,3355.56,2254,0,2,0,Online,0
200644,53846,Home,1954.42,575,1,4,0,Phone,1
200645,50179,Home,343.4,2544,2,3,1,Online,0
200646,51425,Motor,2208.54,3356,1,2,1,Phone,0
200647,51270,Motor,596.22,1196,0,7,0,Broker,0
200648,54292,Motor,1305.03,1284,0,4,0,Online,0
200649,52939,Travel,457.33,3505,1,3,0,Phone,1
200650,53638,Motor,541.58,1599,1,4,0,Phone,1
200651,51447,Motor,4096.92,350,1,3,0,Phone,1
200652,53841,Motor,1736.54,2451,0,3,0,Online,0
200653,53507,Motor,5427.93,1202,0,4,0,Phone,1
200654,53490,Home,360.37,357,2,4,0,Online,0
200655,53709,Home,1494.67,3478,2,11,0,Phone,0
200656,54239,Travel,780.46,1503,1,4,0,Phone,0
200657,54428,Motor,1891.55,2415,1,8,0,Online,1
200658,51695,Motor,4315.34,1133,3,2,0,Online,0
200659,51169,Motor,5289.36,1662,0,5,0,Phone,0
200660,51703,Travel,1802.91,709,0,2,0,Broker,1
200661,55957,Motor,4504.32,967,3,4,0,Online,0
200662,54230,Home,5079.62,1416,2,3,1,Online,0
200663,50918,Home,3167.3,3092,2,4,1,Online,0
200664,51917,Home,4217.29,557,0,7,0,Phone,0
200665,52867,Home,4304.99,2944,2,6,0,Phone,0
200666,55083,Motor,3016.62,1347,2,2,0,Online,0
200667,54192,Home,614.37,3323,1,7,0,Online,0
200668,53753,Motor,2832.21,1764,2,4,1,Online,0
200669,52268,Motor,4751.41,1289,2,5,0,Online,0
200670,53560,Motor,1353.61,1138,0,4,0,Online,0
200671,52202,Motor,1209.06,2853,3,4,0,Online,0
200672,55898,Motor,3180.19,183,1,5,0,Broker,1
200673,51241,Home,1712.0,2447,0,2,0,Phone,1
200674,51960,Travel,2789.27,2911,0,6,1,Online,0
200675,55399,Motor,1797.36,708,1,3,1,Online,0
200676,54006,Motor,765.16,3251,1,4,0,Phone,0
200677,51137,Motor,5240.89,2488,2,5,0,Phone,1
200678,50231,Home,5328.61,747,1,1,1,Phone,0
200679,51405,Travel,2031.28,876,1,4,0,Online,0
200680,53584,Motor,2641.49,2773,2,2,0,Online,0
200681,52489,Travel,5988.79,570,0,3,1,Online,1
200682,55674,Motor,758.49,316,2,6,1,Broker,0
200683,50223,Motor,11132.05,3245,1,2,0,Online,0
200684,53936,Travel,3113.22,2554,1,1,0,Phone,0
200685,52409,Motor,667.35,1026,4,7,0,Broker,0
200686,52057,Home,994.64,479,3,6,0,Phone,1
200687,52843,Home,890.46,1736,0,6,1,Phone,0
200688,51489,Motor,2400.63,1817,2,2,0,Online,0
200689,50071,Home,2103.92,2175,0,6,1,Online,0
200690,52986,Home,3905.53,274,1,4,0,Online,1
200691,51339,Home,1684.83,631,1,7,0,Online,0
200692,53745,Home,1606.46,3011,4,5,1,Online,1
200693,53391,Home,2138.47,1185,1,4,1,Broker,0
200694,52549,Motor,1077.39,3020,0,3,0,Phone,0
200695,55881,Home,3142.4,221,2,2,0,Online,1
200696,52909,Motor,2162.96,1612,1,2,0,Online,0
200697,51039,Motor,8285.12,3319,1,3,0,Online,0
200698,54379,Motor,5411.17,3170,1,3,0,Phone,0
200699,52904,Motor,1921.56,1539,0,4,0,Online,0
200700,53927,Motor,3577.51,1449,4,5,0,Phone,1
200701,50322,Motor,2765.63,1149,1,4,1,Phone,1
200702,51062,Travel,3495.6,1593,1,2,0,Online,0
200703,53139,Travel,1593.13,1766,2,3,0,Online,1
200704,52634,Home,3578.99,1141,2,5,1,Phone,0
200705,50310,Motor,2418.18,1065,1,5,0,Online,0
200706,50418,Travel,1669.83,54,1,3,0,Online,0
200707,54042,Motor,2018.46,2930,0,11,0,Phone,1
200708,54752,Home,1553.79,3481,2,3,1,Online,0
200709,53936,Travel,4287.62,238,1,5,0,Broker,0
200710,51729,Motor,1619.26,2430,1,6,0,Online,1
200711,52334,Motor,2507.25,2379,3,3,0,Broker,0
200712,52084,Motor,3026.39,426,3,6,0,Phone,0
200713,51468,Home,7728.13,1814,3,3,0,Broker,1
200714,52069,Travel,761.77,634,4,4,0,Phone,0
200715,51319,Motor,1790.83,459,0,9,0,Phone,0
200716,53978,Motor,3501.67,1677,1,4,0,Online,1
200717,54646,Travel,2082.58,1613,0,1,0,Online,1
200718,55045,Motor,1315.24,2034,0,4,1,Phone,1
200719,52788,Motor,1055.67,66,3,3,0,Online,0
200720,53229,Home,2211.5,743,1,3,1,Online,0
200721,52243,Motor,2239.12,1625,2,3,1,Online,0
200722,52527,Travel,7105.61,3016,0,3,1,Online,0
200723,55860,Travel,8478.16,921,1,3,1,Phone,0
200724,51564,Travel,3516.68,1539,0,4,0,Online,1
200725,55551,Motor,2434.41,1496,0,5,1,Phone,0
200726,52839,Motor,2072.03,1137,2,2,0,Online,0
200727,50201,Home,1512.07,2435,0,0,1,Phone,1
200728,51147,Motor,3992.32,3468,2,2,0,Online,0
200729,53793,Home,4316.07,232,2,3,0,Phone,0
200730,50899,Travel,674.08,960,1,5,0,Online,0
200731,51079,Motor,5956.31,169,0,2,0,Online,0
200732,55696,Motor,6751.49,598,0,5,0,Phone,1
200733,54959,Motor,3647.16,2066,0,2,0,Online,0
200734,51517,Home,1289.21,627,0,6,0,Broker,0
200735,50934,Home,1948.23,1148,1,1,0,Online,1
200736,52326,Home,970.01,1916,1,2,0,Phone,0
200737,54779,Motor,3086.61,2710,0,7,0,Online,0
200738,52783,Home,4917.14,785,0,4,1,Phone,0
200739,54888,Home,1188.47,917,0,3,0,Online,0
200740,50421,Home,2193.01,486,1,4,1,Online,0
200741,53003,Motor,4437.95,227,0,3,0,Broker,0
200742,55829,Travel,4189.99,3057,1,2,1,Phone,1
200743,53700,Home,4920.94,97,0,7,0,Phone,0
200744,53065,Home,1067.33,952,1,3,0,Phone,0
200745,54047,Motor,2123.89,387,1,4,0,Online,0
200746,51906,Motor,1760.64,900,0,1,0,Online,0
200747,50098,Home,777.51,1850,1,5,0,Online,0
200748,52778,Travel,1065.28,123,0,7,0,Online,0
200749,53396,Motor,2669.64,127,1,1,0,Phone,0
200750,55447,Motor,2048.35,2955,1,2,1,Online,1
200751,50264,Home,2576.14,2246,2,2,0,Online,1
200752,52747,Motor,1864.56,404,0,5,0,Online,0
200753,54909,Motor,835.62,913,2,2,0,Broker,0
200754,53923,Home,7400.81,1417,0,3,1,Online,0
200755,53740,Motor,1126.68,1195,0,2,0,Online,1
200756,52949,Motor,377.69,1792,2,3,0,Phone,1
200757,50556,Travel,5046.44,2182,0,5,0,Phone,0
200758,53156,Travel,1077.76,1450,2,3,0,Online,0
200759,54534,Home,1137.6,3386,2,7,0,Phone,0
200760,55135,Home,3041.59,3372,2,3,0,Phone,1
200761,52125,Home,5786.23,1705,1,5,0,Online,0
200762,52675,Motor,1330.86,2120,3,3,1,Online,0
200763,50207,Home,143.94,2478,0,7,0,Online,0
200764,53251,Home,637.69,3436,1,2,0,Online,0
200765,55191,Motor,1206.51,699,3,3,0,Phone,0
200766,52279,Home,3289.46,809,2,1,0,Online,0
200767,55495,Home,1758.96,277,1,3,0,Phone,1
200768,55181,Motor,667.05,1498,2,5,1,Broker,1
200769,53416,Home,495.78,2148,0,5,0,Online,0
200770,52632,Home,3097.79,2736,1,2,0,Online,0
200771,51312,Motor,1407.49,3081,3,3,0,Phone,0
200772,55921,Home,1713.66,2760,1,3,1,Online,1
200773,50499,Home,1831.09,3320,1,7,0,Broker,0
200774,54321,Home,4155.24,3152,1,5,1,Online,0
200775,52828,Home,188.14,2181,1,5,0,Online,0
200776,50792,Home,2489.94,512,0,4,0,Online,0
200777,54388,Motor,736.04,36,1,3,0,Phone,0
200778,55989,Motor,622.36,1875,1,4,1,Online,1
200779,50546,Motor,3283.74,908,2,4,0,Online,0
200780,51066,Motor,3187.81,3225,0,4,0,Phone,0
200781,52230,Motor,3408.16,3115,4,4,0,Online,0
200782,53763,Motor,832.49,1377,2,5,1,Phone,1
200783,54711,Motor,1495.08,1141,0,2,0,Phone,0
200784,52334,Motor,713.15,1751,1,7,0,Phone,0
200785,51007,Home,2366.13,2028,2,2,0,Broker,0
200786,53672,Motor,529.64,2776,2,4,0,Online,0
200787,54588,Motor,1382.19,1765,2,5,0,Online,0
200788,54262,Motor,2577.33,1618,2,5,0,Phone,0
200789,50069,Travel,1087.47,3471,0,5,0,Online,0
200790,50438,Travel,1218.51,1352,1,5,1,Online,0
200791,55913,Home,1085.62,2243,1,5,0,Broker,0
200792,54281,Home,2302.24,1541,2,2,1,Online,0
200793,50590,Motor,2824.7,1269,2,3,0,Online,0
200794,53666,Motor,1564.58,3267,0,2,0,Online,0
200795,54147,Motor,1450.04,2113,1,9,0,Phone,0
200796,53587,Motor,1732.12,2689,0,0,1,Broker,0
200797,51970,Home,4552.55,1844,0,3,0,Phone,0
200798,50576,Home,2155.18,1465,2,3,0,Broker,0
200799,50731,Motor,3092.47,3193,4,6,0,Online,0
200800,53969,Motor,2000.54,201,2,3,0,Online,1
200801,52913,Travel,1432.22,3303,2,5,1,Online,1
200802,50222,Travel,1091.11,408,0,2,0,Phone,0
200803,53156,Motor,1580.19,3071,0,4,0,Phone,0
200804,51524,Home,2122.02,2497,0,6,0,Online,1
200805,52844,Motor,2609.74,1611,0,3,0,Online,0
200806,51431,Home,4375.0,3281,2,5,1,Online,0
200807,54397,Home,2030.62,2147,0,3,1,Phone,0
200808,52087,Motor,3825.79,3539,0,6,1,Online,0
200809,54262,Home,452.06,717,2,3,0,Online,1
200810,53690,Home,781.04,1964,0,5,1,Online,1
200811,51242,Motor,3881.69,654,0,4,0,Online,0
200812,53084,Home,2746.94,696,1,13,0,Online,0
200813,52159,Travel,550.8,1565,2,5,1,Phone,0
200814,53293,Motor,2728.68,114,1,6,0,Online,0
200815,53731,Motor,1108.56,27,1,5,0,Phone,0
200816,52639,Home,2524.52,1443,0,5,0,Broker,0
200817,52239,Travel,3276.75,2078,1,5,0,Broker,1
200818,54107,Motor,1846.14,2612,2,3,1,Broker,1
200819,50551,Home,1417.0,732,3,2,0,Online,0
200820,52217,Home,4129.54,2152,1,4,1,Online,0
200821,51352,Motor,6113.1,2854,1,1,1,Broker,1
200822,51855,Motor,882.39,3515,0,8,1,Broker,1
200823,55358,Motor,5244.9,1241,1,2,0,Online,0
200824,51733,Motor,2617.15,2910,1,8,0,Phone,0
200825,50423,Home,2366.56,483,1,0,0,Broker,1
200826,54125,Travel,1579.89,675,3,5,0,Online,1
200827,54902,Motor,86.6,348,1,2,1,Online,0
200828,54307,Home,2010.34,511,1,3,0,Broker,0
200829,51878,Motor,3392.41,2202,0,5,0,Online,0
200830,51650,Home,1752.51,2644,2,3,0,Broker,0
200831,52236,Motor,7148.31,24,4,1,0,Broker,0
200832,50144,Travel,5504.14,309,2,2,0,Online,0
200833,51914,Travel,221.99,3568,0,4,0,Online,0
200834,52715,Home,1927.36,1161,1,3,0,Online,0
200835,55790,Motor,1987.58,3448,1,4,0,Broker,0
200836,52391,Travel,6536.6,344,1,6,1,Online,0
200837,53508,Home,1179.56,2636,1,2,0,Online,0
200838,54052,Home,2228.51,3561,0,4,1,Phone,0
200839,52278,Travel,6451.94,2152,0,3,0,Phone,0
200840,52422,Home,1351.42,1814,1,2,0,Online,1
200841,51652,Travel,1910.07,3120,1,4,0,Phone,0
200842,53440,Home,5605.35,2408,1,4,1,Broker,0
200843,55646,Motor,2387.9,2553,1,4,0,Phone,0
200844,52689,Motor,4822.91,2966,0,4,1,Phone,0
200845,53410,Motor,2734.2,1462,2,4,0,Online,0
200846,55769,Motor,1185.87,3491,0,7,0,Phone,1
200847,53759,Travel,4178.29,599,0,2,1,Online,0
200848,52078,Motor,3680.76,2542,1,5,1,Online,0
200849,55491,Home,861.85,531,2,9,0,Phone,0
200850,50177,Motor,2560.92,3283,1,6,0,Online,1
200851,53739,Home,2110.73,1585,2,3,0,Online,0
200852,54499,Motor,1765.1,3084,2,2,0,Broker,0
200853,55875,Travel,2272.42,1288,0,4,1,Online,0
200854,50998,Motor,1717.01,2220,0,5,0,Online,0
200855,55149,Home,2492.87,1234,1,6,0,Online,0
200856,53981,Motor,4841.72,1817,0,7,1,Phone,1
200857,50552,Motor,4305.01,2671,2,6,0,Online,0
200858,52836,Motor,3378.82,350,2,5,0,Online,0
200859,54774,Motor,3026.99,1850,0,6,0,Phone,0
200860,53029,Home,1361.05,1945,0,2,0,Broker,0
200861,53318,Motor,5651.87,3075,0,3,0,Online,0
200862,50868,Motor,2970.17,1569,1,2,0,Broker,0
200863,52369,Motor,1242.77,600,0,4,0,Online,0
200864,55774,Home,1425.21,1715,1,2,0,Online,0
200865,54426,Motor,1125.56,751,0,7,1,Online,1
200866,54544,Home,4282.73,2724,0,7,0,Phone,0
200867,50372,Motor,5089.7,2541,1,6,0,Online,0
200868,51903,Motor,567.49,3456,2,4,1,Phone,0
200869,52564,Home,7685.74,2957,1,4,0,Online,0
200870,50230,Motor,1089.05,920,1,2,0,Online,0
200871,53304,Travel,2746.52,2888,0,1,0,Phone,0
200872,54148,Home,1464.32,3491,0,7,0,Online,0
200873,50811,Motor,2126.37,658,1,4,0,Phone,1
200874,54362,Travel,633.94,1669,0,1,0,Online,0
200875,50369,Motor,1932.79,2535,1,4,0,Online,0
200876,55949,Motor,2547.07,1349,1,7,1,Online,0
200877,52752,Travel,2428.85,2373,1,8,0,Online,0
200878,54697,Home,1691.85,2617,1,4,0,Online,0
200879,50531,Motor,5566.12,2228,3,2,0,Phone,1
200880,54149,Home,292.32,3415,1,3,0,Phone,0
200881,55739,Home,5321.14,2766,1,1,0,Phone,0
200882,51392,Motor,4085.21,2401,2,1,0,Phone,0
200883,52229,Motor,1153.82,1096,0,4,0,Online,0
200884,51250,Motor,1785.34,895,2,3,0,Online,0
200885,51030,Motor,731.39,1512,0,7,0,Online,0
200886,50841,Motor,2795.36,3471,1,3,0,Broker,0
200887,52165,Motor,3823.45,3498,1,6,0,Online,1
200888,55646,Home,3548.73,739,1,0,0,Online,0
200889,50660,Home,4714.69,190,0,4,0,Phone,1
200890,54359,Motor,5192.72,2065,1,7,0,Online,0
200891,53047,Home,1851.98,2389,3,3,0,Phone,0
200892,51077,Motor,2982.21,3373,0,6,0,Broker,0
200893,52539,Home,397.74,2605,2,4,0,Online,0
200894,54086,Motor,2110.62,1912,4,3,0,Online,0
200895,54862,Motor,1573.86,1318,3,2,0,Broker,1
200896,55291,Motor,1007.55,2334,1,3,0,Phone,0
200897,54652,Travel,2557.26,1939,2,2,0,Online,0
200898,55388,Motor,520.49,1592,0,3,0,Broker,0
200899,51550,Motor,183.59,1859,1,5,1,Phone,0
200900,51359,Motor,3512.76,1869,0,3,0,Online,1
200901,51099,Motor,658.54,810,2,1,1,Online,0
200902,51007,Motor,4621.78,3053,2,3,0,Online,1
200903,50160,Home,1860.16,3242,1,2,1,Phone,1
200904,52213,Home,4585.93,2012,1,6,0,Broker,0
200905,55988,Home,6087.04,3605,0,7,0,Online,0
200906,52268,Motor,1087.94,2201,3,7,0,Broker,0
200907,53474,Home,82.42,1805,1,8,0,Online,0
200908,53314,Home,4285.87,1721,2,4,0,Phone,1
200909,52799,Travel,2270.89,1637,0,6,1,Online,0
200910,50476,Motor,2500.87,730,0,4,0,Phone,0
200911,54413,Motor,3220.61,2399,0,3,1,Broker,0
200912,55893,Motor,795.91,847,0,6,0,Online,0
200913,55795,Motor,194.81,287,0,2,1,Phone,1
200914,54014,Home,1381.25,882,3,2,0,Online,0
200915,53726,Travel,2827.57,2764,3,6,0,Online,0
200916,51086,Home,3166.93,2986,1,4,0,Phone,0
200917,54204,Motor,297.95,2553,1,4,0,Online,0
200918,55379,Motor,9424.75,1578,2,6,1,Online,0
200919,51471,Motor,1298.95,3449,1,6,0,Phone,0
200920,53862,Motor,1466.96,3625,2,6,0,Online,0
200921,52073,Motor,1822.79,2250,2,3,0,Online,0
200922,50001,Home,724.35,2833,0,7,1,Phone,1
200923,53566,Home,174.37,1327,2,5,0,Broker,0
200924,53578,Home,4866.94,1280,0,5,0,Phone,0
200925,50957,Motor,1478.69,102,1,7,1,Online,0
200926,50500,Travel,2476.43,1603,3,5,0,Phone,1
200927,54036,Motor,2771.8,788,1,4,0,Phone,1
200928,51905,Motor,2014.24,341,2,2,0,Online,1
200929,52227,Travel,6470.54,125,3,3,0,Online,0
200930,54552,Home,1414.56,2752,0,4,1,Phone,0
200931,53588,Motor,6253.36,1267,0,1,0,Phone,0
200932,54498,Home,2495.37,1014,1,8,0,Online,0
200933,55137,Motor,1145.02,1110,0,3,0,Online,0
200934,55551,Motor,4467.47,1833,2,3,1,Phone,0
200935,52850,Motor,296.69,121,0,6,1,Broker,0
200936,51505,Travel,1154.66,3526,1,4,1,Online,0
200937,55385,Travel,997.76,2806,3,4,0,Online,1
200938,51892,Motor,6199.62,2532,2,4,0,Phone,0
200939,50585,Home,2847.79,3619,1,2,1,Phone,0
200940,51047,Motor,6277.06,1340,1,5,0,Phone,0
200941,50528,Home,9713.14,1174,0,6,0,Online,0
200942,53531,Home,1116.15,341,1,6,1,Online,0
200943,55336,Home,3415.36,938,0,4,0,Broker,0
200944,53180,Motor,3124.66,3438,1,3,1,Phone,0
200945,54119,Motor,5211.73,3180,0,4,0,Broker,0
200946,51143,Travel,843.93,2287,1,3,0,Phone,1
200947,52807,Travel,3853.93,1983,0,5,0,Online,0
200948,50522,Motor,255.62,2771,0,3,0,Phone,0
200949,52588,Home,3359.98,989,0,5,0,Online,1
200950,53986,Home,2595.01,1384,2,2,0,Online,1
200951,55808,Motor,3515.52,980,0,3,0,Broker,1
200952,50998,Home,269.19,2273,1,5,1,Phone,0
200953,50775,Home,1457.49,3519,2,5,0,Online,0
200954,55354,Motor,5931.81,2492,2,3,0,Online,0
200955,52044,Motor,2419.0,2277,0,5,0,Online,0
200956,55875,Travel,1774.73,879,1,5,1,Broker,0
200957,50988,Motor,2481.47,3376,3,5,0,Online,1
200958,52486,Motor,5568.58,2566,2,5,0,Online,0
200959,52957,Home,3753.93,1841,1,2,0,Online,0
200960,55898,Motor,1476.89,1640,2,1,1,Online,0
200961,51334,Motor,1737.49,2812,0,4,0,Phone,1
200962,50824,Home,3389.39,74,3,7,1,Online,0
200963,53118,Home,864.11,1095,1,5,1,Online,0
200964,50280,Travel,3174.04,3227,0,6,0,Broker,0
200965,51151,Motor,1422.88,1819,2,4,0,Phone,1
200966,51199,Motor,5906.92,2836,2,1,0,Online,0
200967,52098,Motor,1402.42,1612,1,2,0,Online,1
200968,55081,Motor,404.49,1427,0,3,1,Online,0
200969,55200,Home,784.2,2725,1,3,0,Online,1
200970,50726,Home,3649.65,2367,0,3,1,Phone,0
200971,52126,Motor,601.07,1356,2,7,0,Online,0
200972,51365,Motor,267.44,1338,3,5,0,Online,0
200973,50914,Motor,4752.36,162,0,3,0,Online,0
200974,52995,Motor,1544.47,537,0,2,0,Online,1
200975,55327,Home,2991.81,1165,2,7,1,Broker,0
200976,54008,Home,272.31,271,3,4,0,Broker,0
200977,52454,Home,2093.72,285,0,2,0,Online,0
200978,55302,Motor,5910.63,2294,0,1,1,Phone,0
200979,55211,Motor,2929.5,522,1,3,1,Online,0
200980,52973,Motor,2418.46,1070,1,6,0,Broker,0
200981,52820,Home,4798.33,1506,0,4,0,Online,0
200982,50873,Home,2086.78,2611,0,1,1,Phone,0
200983,51037,Travel,8750.84,3098,1,5,0,Phone,0
200984,50392,Motor,3799.43,1244,1,8,0,Online,0
200985,55196,Motor,483.5,3276,1,3,0,Online,0
200986,53855,Motor,143.97,2944,2,1,0,Phone,0
200987,52959,Home,1211.48,55,2,2,0,Online,1
200988,51523,Home,571.77,1660,0,5,0,Online,0
200989,52388,Home,3891.12,2058,0,4,1,Broker,0
200990,54296,Motor,2664.3,1066,1,4,0,Online,0
200991,51067,Motor,2721.67,3452,2,2,0,Broker,0
200992,50640,Home,1634.44,3627,2,7,1,Online,0
200993,50648,Motor,2632.36,3362,0,2,1,Online,1
200994,55967,Motor,1511.35,3032,3,3,0,Online,0
200995,55346,Home,608.42,3045,0,6,0,Broker,0
200996,53893,Home,1073.3,2030,1,5,0,Online,0
200997,51804,Home,2786.53,1945,1,2,0,Online,0
200998,52376,Motor,2834.63,3027,0,4,0,Online,0
200999,51004,Home,611.49,2486,1,2,0,Phone,0
201000,54756,Home,4122.94,1398,2,2,0,Phone,0
201001,53247,Home,2098.31,2011,1,2,0,Online,0
201002,50924,Home,7348.61,478,0,2,0,Online,1
201003,50222,Home,3917.34,16,1,5,1,Online,1
201004,51540,Home,1521.45,1140,1,5,1,Online,0
201005,52940,Motor,1555.09,3638,3,8,0,Broker,1
201006,51029,Home,6396.86,2165,1,4,0,Phone,0
201007,55007,Motor,1123.4,3344,1,4,1,Online,0
201008,55934,Motor,4386.21,1926,0,5,0,Phone,0
201009,53627,Home,1524.48,3173,0,4,0,Online,0
201010,54103,Motor,1766.88,2560,0,3,0,Phone,1
201011,52254,Motor,802.27,952,0,4,0,Broker,0
201012,54885,Travel,3100.57,2345,1,3,1,Online,0
201013,51642,Home,3620.24,1159,1,8,0,Online,0
201014,55971,Motor,2962.83,55,2,2,0,Online,0
201015,52041,Home,2925.27,1483,1,4,0,Online,0
201016,51281,Motor,3481.67,567,0,2,1,Online,0
201017,52465,Motor,1533.14,1150,2,3,0,Online,0
201018,54998,Home,3446.86,1173,0,2,0,Online,0
201019,51977,Home,1103.32,236,1,5,1,Online,1
201020,53712,Home,4110.5,2300,0,2,0,Online,0
201021,51270,Motor,3747.74,3442,0,3,0,Online,0
201022,51219,Travel,2726.67,1495,2,3,0,Online,0
201023,54417,Motor,2953.39,1452,1,5,0,Phone,0
201024,55314,Motor,1570.06,1063,1,3,1,Broker,0
201025,55995,Travel,9329.82,2918,1,4,0,Online,0
201026,55861,Motor,3331.85,175,1,9,0,Broker,0
201027,52891,Travel,3960.39,3528,0,5,0,Online,1
201028,54421,Motor,451.72,2032,0,4,0,Online,0
201029,50307,Motor,642.58,342,1,2,1,Broker,0
201030,52572,Motor,2025.93,2024,0,5,0,Online,0
201031,55178,Home,473.83,1532,1,4,0,Broker,0
201032,51285,Motor,1993.64,2439,1,6,0,Phone,0
201033,55075,Travel,479.67,2371,1,4,0,Online,0
201034,50128,Home,3082.29,1909,0,3,1,Phone,0
201035,53852,Travel,6278.72,3373,1,3,1,Phone,1
201036,54388,Motor,2149.06,3357,0,5,0,Phone,0
201037,54303,Motor,2319.7,1852,2,4,1,Online,0
201038,55971,Motor,622.05,2570,1,4,1,Online,0
201039,54825,Home,5781.36,1098,1,11,1,Phone,0
201040,55595,Home,1247.58,3186,0,6,0,Broker,0
201041,55232,Home,4031.73,3149,2,5,0,Online,0
201042,53164,Home,874.06,497,2,1,0,Online,1
201043,52596,Motor,1218.2,2185,0,4,0,Broker,0
201044,54988,Motor,2174.39,1051,2,2,0,Online,0
201045,50621,Home,440.64,3035,1,1,0,Online,0
201046,52051,Motor,1050.9,3401,2,6,0,Online,1
201047,55597,Motor,4148.19,715,0,3,1,Online,0
201048,50326,Home,861.73,829,2,6,0,Online,0
201049,54601,Travel,3051.56,613,1,7,0,Phone,1
201050,55796,Home,5585.25,3049,1,3,0,Phone,0
201051,55166,Motor,3690.13,2767,0,4,0,Broker,0
201052,51772,Motor,2944.96,2504,2,4,0,Phone,0
201053,53418,Travel,2574.53,2107,0,1,1,Phone,0
201054,54263,Motor,4770.22,449,4,3,0,Online,0
201055,55565,Motor,1159.17,1190,0,3,0,Online,0
201056,53484,Travel,1650.0,904,0,6,1,Phone,0
201057,54120,Motor,4081.88,3187,0,3,1,Phone,0
201058,53940,Motor,2619.62,1463,0,3,0,Broker,1
201059,54245,Motor,3196.34,2346,0,2,0,Phone,1
201060,53501,Motor,2469.05,2134,1,4,1,Phone,0
201061,51554,Motor,1005.61,1305,2,1,0,Online,0
201062,55281,Home,4015.35,1966,1,6,1,Online,0
201063,52178,Motor,746.77,1373,0,1,0,Broker,0
201064,52269,Home,1669.03,109,0,4,0,Online,0
201065,50129,Motor,1772.01,602,0,7,0,Online,0
201066,51048,Home,5645.16,709,0,4,0,Online,0
201067,54358,Motor,2750.6,1143,4,7,0,Online,0
201068,53287,Travel,3065.22,886,3,5,1,Broker,0
201069,52499,Motor,2635.89,104,2,0,0,Broker,1
201070,52844,Travel,616.86,3215,4,4,1,Phone,0
201071,51520,Motor,5959.04,3178,1,5,0,Online,0
201072,53340,Home,2156.26,284,3,4,0,Online,0
201073,55666,Motor,3336.57,1494,0,3,0,Broker,1
201074,51995,Home,4414.95,2065,5,6,0,Online,1
201075,51004,Home,2226.32,2967,2,4,0,Online,0
201076,50223,Home,652.03,3152,0,2,1,Online,1
201077,52377,Motor,978.13,556,2,3,1,Online,0
201078,50364,Motor,1186.26,999,0,3,0,Online,1
201079,54662,Motor,2221.6,3522,1,3,0,Broker,0
201080,54032,Home,2100.4,3397,2,1,0,Broker,0
201081,52744,Home,2304.52,2169,1,4,0,Broker,0
201082,54186,Home,1747.25,2106,2,1,1,Broker,1
201083,50871,Home,2094.93,2932,0,5,0,Online,0
201084,51012,Motor,4458.77,543,0,3,0,Phone,0
201085,50348,Home,1984.76,3619,1,4,0,Phone,0
201086,52267,Home,1685.42,3066,1,5,1,Online,0
201087,55547,Motor,2326.41,2556,0,3,1,Phone,0
201088,51101,Motor,4347.43,3152,1,5,0,Phone,0
201089,51267,Motor,1363.42,1041,1,5,1,Online,0
201090,52329,Travel,5755.42,1992,2,3,0,Phone,0
201091,51750,Motor,3182.54,1478,0,3,0,Broker,0
201092,54176,Home,1431.88,330,1,1,0,Phone,0
201093,55563,Travel,1611.99,1059,0,1,1,Phone,1
201094,54311,Travel,2220.48,57,0,6,0,Broker,0
201095,51781,Home,4981.43,1277,2,3,0,Phone,0
201096,51335,Motor,3655.62,2640,2,3,0,Phone,1
201097,55028,Home,565.2,3300,1,6,1,Online,1
201098,51007,Travel,2255.55,1724,1,1,0,Broker,0
201099,53245,Motor,1081.34,3,1,4,1,Online,0
201100,53187,Motor,1671.02,1275,2,4,1,Phone,0
201101,54947,Motor,6555.65,787,2,2,0,Broker,0
201102,51761,Motor,1643.46,180,0,3,0,Online,0
201103,51946,Home,3041.01,1032,2,8,0,Online,0
201104,55539,Motor,8218.72,3241,2,9,0,Phone,1
201105,54807,Home,1389.82,2655,0,4,0,Broker,0
201106,54943,Motor,2080.79,1294,1,5,0,Online,0
201107,50814,Motor,1089.27,1456,0,1,1,Online,0
201108,50587,Motor,1658.65,1786,1,6,0,Broker,0
201109,54764,Travel,3248.83,1783,0,6,0,Online,0
201110,54490,Travel,4990.02,2511,4,7,0,Online,0
201111,52263,Home,2976.08,1199,0,2,0,Online,0
201112,50348,Motor,2066.32,2986,2,4,1,Phone,0
201113,53787,Home,3965.91,170,1,4,0,Broker,0
201114,51758,Home,2963.98,3208,3,2,0,Online,0
201115,54837,Home,3659.15,1851,0,3,0,Online,0
201116,54280,Home,2788.62,3085,3,5,0,Online,0
201117,55800,Home,3266.25,1785,0,4,1,Online,1
201118,53902,Home,1174.46,2872,1,3,0,Phone,0
201119,55625,Motor,2457.43,3523,0,5,1,Phone,0
201120,51450,Home,5233.69,1834,2,6,0,Online,1
201121,53733,Motor,688.77,1513,1,6,0,Online,0
201122,52775,Motor,1477.27,971,0,2,0,Online,0
201123,52652,Motor,1641.14,184,2,3,0,Online,1
201124,51000,Home,1218.59,3480,3,3,1,Online,0
201125,53675,Motor,2096.26,2043,4,4,0,Online,0
201126,54656,Motor,6449.34,2282,1,2,1,Phone,0
201127,51559,Home,3236.87,1040,0,5,0,Online,0
201128,55216,Home,2021.25,121,1,2,0,Phone,0
201129,54274,Home,582.94,3351,1,2,1,Online,0
201130,53116,Motor,1546.75,65,0,6,0,Online,0
201131,51200,Travel,5227.47,421,2,4,1,Online,1
201132,52545,Home,1114.44,2622,1,5,0,Online,0
201133,51582,Motor,5222.48,12,1,6,1,Online,0
201134,53530,Motor,3223.49,507,1,2,0,Broker,1
201135,50169,Home,4936.11,2532,0,4,1,Online,0
201136,52213,Motor,1447.48,1445,1,5,1,Phone,0
201137,52684,Motor,8410.77,3226,0,9,0,Online,0
201138,54546,Home,7317.87,2106,0,5,0,Phone,0
201139,50419,Home,1038.35,17,2,6,1,Broker,0
201140,52812,Motor,1891.33,1302,0,2,0,Phone,0
201141,55227,Home,1205.6,3274,2,2,0,Online,0
201142,51986,Home,7435.36,1191,0,4,0,Online,0
201143,52747,Motor,2654.52,1759,0,3,0,Phone,0
201144,50647,Travel,554.06,992,2,4,1,Phone,0
201145,52481,Motor,4009.72,598,3,2,0,Online,0
201146,50782,Home,6608.68,3592,1,1,1,Broker,1
201147,53235,Motor,4759.83,3491,1,5,1,Online,1
201148,50957,Motor,1586.9,914,1,4,0,Phone,0
201149,51176,Home,394.93,502,0,3,0,Online,0
201150,53405,Motor,2197.69,2309,2,6,0,Online,0
201151,52222,Home,5195.57,1312,1,6,0,Online,0
201152,51545,Home,4764.28,512,1,1,0,Phone,0
201153,53083,Motor,1181.44,1244,0,4,0,Phone,0
201154,54039,Motor,6097.44,3196,0,7,0,Online,1
201155,50540,Travel,1489.23,3387,5,3,0,Online,0
201156,51122,Travel,663.71,1700,1,5,0,Online,0
201157,54090,Motor,1362.05,647,1,3,0,Online,0
201158,55790,Motor,4641.82,2644,0,4,0,Phone,0
201159,54078,Home,6423.65,3615,0,4,0,Phone,1
201160,55296,Travel,2657.3,3402,1,3,0,Online,0
201161,52752,Travel,2218.98,3130,1,2,1,Online,0
201162,54288,Motor,3021.4,3072,3,3,0,Online,0
201163,53634,Home,1638.69,2296,2,2,0,Phone,1
201164,52739,Motor,4831.94,1418,1,7,0,Online,1
201165,55922,Motor,2848.88,2093,3,2,0,Phone,0
201166,51643,Home,4667.52,2598,0,1,0,Online,0
201167,54959,Home,1795.75,2515,4,1,0,Online,0
201168,54548,Travel,2894.99,3509,3,1,0,Online,0
201169,54591,Home,2617.15,3097,1,0,0,Phone,1
201170,52448,Home,3411.57,981,2,6,0,Broker,0
201171,50257,Home,884.87,1833,2,3,1,Online,0
201172,54748,Home,1405.16,2489,1,5,0,Online,0
201173,55630,Home,3292.52,875,4,7,0,Online,0
201174,53447,Home,2115.09,1383,0,1,1,Phone,1
201175,55908,Motor,1975.67,1615,1,6,0,Online,0
201176,50603,Home,328.98,3206,1,3,0,Online,0
201177,50789,Motor,1645.29,2098,1,6,1,Broker,0
201178,53140,Motor,970.07,1101,2,4,1,Broker,0
201179,51375,Motor,1448.66,1928,2,3,0,Online,0
201180,51737,Home,1859.09,1790,3,3,0,Online,0
201181,51066,Motor,642.51,1383,1,2,0,Phone,0
201182,54838,Motor,5153.33,1553,2,1,0,Online,0
201183,52615,Motor,5556.57,2329,0,5,0,Phone,0
201184,55400,Motor,3384.33,256,0,4,0,Phone,0
201185,54286,Home,5853.94,2611,1,2,0,Broker,0
201186,55086,Motor,1182.12,890,1,4,1,Broker,0
201187,50864,Home,892.63,202,3,3,0,Online,0
201188,51425,Motor,1184.63,2328,0,8,1,Phone,0
201189,52693,Home,313.2,45,0,3,1,Online,0
201190,52187,Motor,3215.64,3405,1,6,1,Online,0
201191,50201,Travel,3336.61,2833,1,4,0,Online,1
201192,53637,Motor,674.91,1945,1,3,0,Online,0
201193,54698,Home,3204.2,1058,2,0,0,Online,0
201194,53246,Motor,6421.27,2919,2,5,0,Phone,0
201195,52332,Motor,2423.62,1576,1,5,0,Online,0
201196,51484,Motor,2895.38,75,2,9,1,Phone,0
201197,55536,Motor,2682.24,2233,1,5,0,Phone,0
201198,52831,Travel,6082.97,741,0,3,0,Phone,1
201199,52169,Motor,2464.77,801,1,7,0,Online,0
201200,55702,Home,3315.0,2756,1,2,0,Phone,1
201201,53849,Home,1796.9,733,0,1,0,Online,0
201202,52699,Home,1860.47,63,3,4,0,Phone,0
201203,53976,Home,3990.8,2896,2,7,1,Online,0
201204,50742,Motor,1227.35,2513,2,3,1,Phone,0
201205,50375,Travel,3632.1,3629,4,6,0,Online,1
201206,51492,Motor,2401.19,3371,1,1,0,Phone,0
201207,51489,Travel,2506.96,1094,2,7,0,Online,1
201208,54577,Motor,4654.65,3384,1,5,0,Phone,0
201209,50050,Home,4137.37,1602,1,0,0,Online,0
201210,52486,Motor,532.36,2480,0,4,1,Online,1
201211,51262,Travel,2214.12,3206,3,4,1,Broker,0
201212,50855,Motor,1601.81,1761,1,4,0,Online,0
201213,50334,Travel,1028.08,965,1,8,0,Phone,0
201214,55567,Home,13127.81,2727,1,5,0,Phone,0
201215,52959,Travel,3152.72,282,3,4,0,Online,0
201216,54088,Home,2221.34,3033,0,4,0,Online,0
201217,55915,Home,1073.15,2960,1,5,1,Online,0
201218,54896,Home,2912.4,1495,4,1,0,Online,0
201219,54507,Home,4412.86,1897,1,4,1,Broker,0
201220,53616,Home,6603.93,969,3,3,0,Online,0
201221,55786,Travel,736.94,515,1,2,0,Online,1
201222,51692,Motor,2982.05,1650,2,1,1,Phone,1
201223,50968,Motor,2574.8,1158,1,4,0,Online,0
201224,51628,Travel,4380.78,3128,1,6,0,Online,0
201225,54800,Travel,717.39,2740,0,5,0,Online,0
201226,52565,Home,1173.55,2903,4,5,1,Phone,1
201227,51141,Motor,3607.96,3628,1,5,0,Online,0
201228,54143,Home,4872.48,3125,2,3,0,Online,0
201229,53831,Home,2574.84,1969,1,4,0,Phone,0
201230,53406,Home,3980.26,1151,1,2,0,Broker,0
201231,50668,Motor,3102.77,1010,3,3,0,Online,0
201232,53879,Home,9276.63,304,0,3,0,Online,1
201233,53879,Home,1934.67,3531,2,3,1,Phone,0
201234,53429,Motor,2215.38,2134,2,3,0,Online,0
201235,51863,Motor,1858.92,3609,0,4,0,Broker,1
201236,50909,Travel,3869.28,3014,1,3,0,Phone,1
201237,50331,Home,793.64,3284,1,5,0,Phone,0
201238,51348,Travel,1176.88,1075,1,2,1,Phone,0
201239,50070,Motor,2777.65,332,0,6,1,Online,0
201240,55896,Home,397.44,1250,3,7,0,Online,0
201241,50644,Home,3399.16,752,1,1,0,Broker,0
201242,52617,Home,2781.29,2352,1,4,0,Broker,1
201243,51438,Motor,1294.33,3159,2,4,0,Online,0
201244,55580,Motor,3141.35,1572,2,6,1,Online,0
201245,50216,Motor,2700.72,3120,0,4,0,Online,0
201246,50292,Home,587.55,1973,0,4,0,Online,1
201247,51104,Home,1922.28,2606,1,3,0,Phone,0
201248,50315,Home,1530.59,2532,1,6,0,Phone,0
201249,50058,Motor,1680.4,422,0,2,1,Phone,0
201250,50970,Motor,794.9,1165,0,6,1,Phone,0
201251,52288,Home,2822.32,3425,1,6,0,Online,0
201252,52309,Travel,3796.45,1480,0,3,1,Online,1
201253,52549,Home,1555.81,956,0,6,0,Phone,0
201254,55521,Motor,3099.35,1145,1,8,0,Phone,0
201255,53923,Home,3496.1,2213,1,2,1,Phone,1
201256,52626,Motor,7222.43,1784,0,5,0,Phone,0
201257,51061,Motor,3018.31,477,1,4,0,Online,0
201258,54100,Motor,2512.07,2309,3,6,0,Online,0
201259,51918,Motor,270.53,3337,0,6,0,Phone,0
201260,53828,Motor,2310.2,1350,3,4,0,Online,0
201261,55229,Travel,4702.83,1327,1,5,1,Online,0
201262,50330,Travel,1144.48,16,1,5,0,Online,0
201263,51917,Motor,6784.79,822,3,3,0,Phone,0
201264,52624,Home,2384.93,3229,1,8,1,Phone,0
201265,55574,Motor,9268.84,3577,1,5,1,Phone,1
201266,50578,Travel,1246.03,3097,2,3,1,Online,0
201267,53280,Motor,2722.86,2313,2,3,1,Phone,0
201268,53371,Motor,2477.25,2075,1,3,0,Online,1
201269,55397,Home,3600.62,3515,0,4,0,Online,0
201270,54092,Motor,4156.4,996,0,1,0,Online,0
201271,55865,Motor,7863.94,3248,0,1,0,Online,1
201272,51789,Motor,5019.1,2078,1,5,1,Phone,0
201273,53739,Motor,1768.13,2046,1,3,1,Phone,0
201274,51242,Motor,3666.37,1422,1,1,0,Online,0
201275,52500,Motor,1850.57,3085,1,5,0,Phone,0
201276,53464,Home,1994.73,2368,1,7,0,Phone,0
201277,51752,Home,2751.35,2492,0,4,1,Online,0
201278,51571,Motor,3014.7,825,3,0,0,Phone,1
201279,53328,Motor,2178.31,1125,0,5,0,Broker,0
201280,55697,Motor,150.35,2154,0,4,1,Broker,1
201281,54521,Home,4872.0,99,0,3,0,Online,0
201282,53992,Motor,2154.73,3316,2,2,0,Online,1
201283,50711,Travel,968.92,534,2,3,0,Phone,1
201284,50969,Home,3023.0,2962,1,5,0,Online,0
201285,55081,Home,1958.99,1263,1,8,0,Online,0
201286,54806,Home,1673.31,3173,1,3,0,Online,1
201287,53699,Motor,1006.53,125,1,5,0,Online,1
201288,50897,Motor,1251.21,3138,2,5,0,Online,0
201289,54549,Motor,4328.74,2679,0,5,0,Phone,0
201290,54950,Motor,861.56,2425,0,6,1,Broker,0
201291,52284,Motor,3492.63,902,2,6,0,Online,0
201292,55698,Motor,3321.8,3485,1,4,0,Online,1
201293,53333,Motor,1784.78,2876,1,4,0,Phone,0
201294,51514,Motor,5273.07,3173,0,7,0,Phone,0
201295,53136,Home,1556.81,293,0,7,0,Online,0
201296,53542,Motor,1785.23,3630,2,5,1,Online,0
201297,53291,Home,742.61,719,0,4,1,Online,1
201298,52673,Travel,4965.35,2654,0,7,1,Broker,0
201299,51057,Home,1105.32,89,0,4,0,Broker,1
201300,51452,Motor,2963.59,2784,3,3,0,Phone,0
201301,51141,Motor,2316.03,3328,0,5,0,Online,0
201302,52560,Motor,1514.94,1220,0,5,1,Online,0
201303,52918,Home,3332.18,3412,0,4,1,Phone,0
201304,52650,Motor,4015.45,321,0,7,1,Online,0
201305,50262,Travel,7305.15,1997,1,3,0,Phone,0
201306,55857,Home,2821.68,14,1,4,0,Phone,0
201307,50779,Home,5154.3,1304,1,2,0,Broker,0
201308,55462,Home,1154.43,2968,1,3,0,Online,0
201309,52290,Motor,1358.69,3410,0,4,1,Online,0
201310,50722,Travel,5205.15,963,4,4,0,Phone,1
201311,54272,Home,2536.39,3132,2,1,1,Online,0
201312,53755,Travel,769.1,491,3,6,1,Broker,0
201313,54689,Motor,3071.72,1666,1,5,0,Phone,0
201314,52940,Home,5588.96,1281,0,2,0,Online,1
201315,53316,Motor,3483.29,361,0,2,0,Phone,1
201316,51324,Motor,2002.08,2059,1,5,0,Phone,0
201317,52014,Home,3443.94,1693,0,3,1,Phone,0
201318,51792,Home,789.82,1551,2,4,0,Online,0
201319,53003,Motor,7974.27,3603,2,8,0,Online,1
201320,54638,Home,1080.19,2132,3,4,0,Online,0
201321,55839,Home,1303.27,284,3,7,0,Online,0
201322,51295,Home,7733.73,1899,0,4,0,Online,0
201323,54065,Home,2186.83,1829,2,4,1,Phone,0
201324,54463,Home,2702.73,2443,2,1,1,Phone,1
201325,50759,Motor,1361.21,3265,0,2,0,Broker,0
201326,51309,Motor,7511.28,3507,1,6,0,Phone,0
201327,51144,Home,1593.13,815,0,7,0,Online,0
201328,50077,Home,1094.26,2471,0,4,0,Broker,0
201329,54197,Home,2550.63,3002,3,4,0,Broker,0
201330,53204,Home,1671.18,2139,0,2,1,Online,0
201331,55430,Motor,2810.67,2808,0,2,0,Online,1
201332,50194,Home,2221.7,129,0,6,0,Broker,0
201333,55663,Motor,1673.35,2670,1,2,0,Phone,0
201334,53861,Home,4694.36,661,0,6,1,Phone,1
201335,52780,Motor,4314.13,472,0,4,0,Online,0
201336,53432,Home,1652.44,1015,0,2,0,Broker,1
201337,55426,Home,2954.21,3117,2,5,1,Phone,0
201338,55993,Motor,1117.54,3198,0,3,1,Online,0
201339,55505,Motor,3000.62,2056,1,3,1,Broker,1
201340,51129,Home,1672.37,3565,2,4,1,Broker,1
201341,51962,Motor,2323.46,3313,0,4,0,Online,1
201342,55681,Motor,2230.9,2558,1,1,0,Broker,0
201343,52532,Motor,723.6,415,1,3,0,Online,1
201344,50527,Motor,5161.55,3050,0,3,1,Phone,0
201345,53237,Motor,2844.19,2155,1,5,0,Phone,0
201346,55199,Motor,1757.68,3637,2,5,0,Online,0
201347,53818,Motor,1283.85,2026,0,6,0,Online,0
201348,55969,Travel,6420.32,236,1,2,0,Phone,0
201349,50353,Travel,1505.14,77,1,4,1,Online,0
201350,52342,Motor,1301.04,1052,1,3,0,Phone,0
201351,53864,Motor,3010.65,2178,0,5,1,Phone,1
201352,54511,Motor,4809.53,3035,2,1,0,Broker,0
201353,54085,Motor,1458.89,3336,0,5,0,Online,0
201354,55742,Home,688.28,3277,0,8,1,Phone,0
201355,55641,Motor,296.85,3617,0,2,0,Online,0
201356,55921,Motor,1950.76,2825,0,4,0,Broker,1
201357,54934,Travel,7859.55,3322,1,3,0,Online,1
201358,51953,Motor,5502.82,533,1,2,1,Broker,0
201359,52160,Home,4100.49,3077,2,5,0,Online,0
201360,52265,Travel,2018.97,3313,0,1,0,Online,0
201361,55716,Motor,1880.12,1736,0,1,0,Online,0
201362,53681,Home,562.39,2473,3,4,1,Broker,0
201363,55684,Motor,3026.12,1890,1,0,0,Online,0
201364,53889,Home,2003.63,2175,0,6,0,Phone,0
201365,50197,Motor,3962.16,3159,1,4,0,Online,0
201366,52154,Motor,2553.99,88,1,6,1,Online,0
201367,55207,Home,2602.51,645,0,5,1,Online,0
201368,55994,Motor,684.22,440,2,6,0,Online,1
201369,53697,Motor,1660.31,3124,0,3,0,Online,0
201370,50647,Home,2454.89,2614,0,3,0,Online,0
201371,54908,Motor,2612.88,1229,1,4,0,Phone,0
201372,54480,Home,2917.89,878,1,2,0,Phone,0
201373,52685,Motor,1920.56,1831,0,6,0,Phone,0
201374,54630,Motor,725.27,2772,2,5,0,Online,0
201375,52540,Home,2610.63,248,3,5,1,Online,0
201376,54406,Travel,2475.02,2200,0,3,0,Online,0
201377,55627,Home,3512.48,2789,3,4,0,Online,0
201378,50131,Motor,4829.48,33,0,3,0,Online,0
201379,52449,Home,3338.76,1044,0,5,1,Online,0
201380,55155,Home,2845.65,2799,1,4,1,Phone,1
201381,52403,Home,1278.55,1965,1,5,1,Broker,0
201382,52051,Home,929.12,3409,0,2,0,Broker,0
201383,51707,Motor,930.89,1985,2,4,0,Online,0
201384,54252,Home,6817.65,3566,1,6,0,Online,1
201385,51118,Home,957.54,2424,1,5,0,Online,0
201386,50520,Motor,2604.73,764,2,8,0,Broker,0
201387,52968,Motor,3934.75,686,1,5,0,Online,0
201388,51769,Motor,3451.17,3397,2,3,0,Online,0
201389,54568,Home,4019.12,713,0,4,0,Online,0
201390,52769,Motor,1699.59,3553,2,1,0,Online,0
201391,50353,Home,3078.9,2327,2,6,0,Online,1
201392,51499,Travel,1340.53,484,2,0,0,Online,0
201393,53560,Motor,3210.83,1584,3,3,0,Online,0
201394,53911,Travel,1931.4,1584,0,1,0,Online,0
201395,50646,Motor,3429.37,1436,2,5,0,Online,0
201396,51743,Home,895.1,797,1,1,0,Online,0
201397,50053,Motor,2460.53,706,2,4,0,Broker,0
201398,53508,Motor,3212.58,2745,1,3,0,Online,0
201399,52964,Travel,1895.62,690,1,3,1,Online,0
201400,55639,Home,1631.31,408,1,7,0,Online,0
201401,51977,Home,4827.39,2233,3,2,1,Online,0
201402,54689,Travel,2937.13,1521,3,9,0,Online,0
201403,51316,Motor,1995.55,618,0,2,0,Online,0
201404,52399,Motor,2482.3,2454,2,4,0,Phone,0
201405,50634,Motor,3167.04,1074,0,3,1,Phone,0
201406,54934,Home,3677.49,569,1,1,0,Online,0
201407,55284,Travel,6636.07,1023,1,4,1,Phone,0
201408,53458,Motor,8664.27,29,2,4,0,Phone,0
201409,51877,Travel,8904.2,1439,1,4,1,Online,1
201410,55846,Motor,4709.05,241,1,5,0,Online,0
201411,53809,Travel,942.45,1288,0,7,1,Online,1
201412,54102,Motor,371.11,3050,1,5,0,Phone,0
201413,55792,Motor,3209.22,2323,3,7,1,Broker,0
201414,52049,Motor,1325.25,1797,0,2,0,Phone,0
201415,53111,Home,822.25,1806,0,1,0,Phone,0
201416,51915,Motor,2932.89,2789,2,4,0,Online,0
201417,54514,Home,4084.64,2325,1,4,0,Broker,0
201418,53963,Home,2819.04,1393,0,8,0,Online,0
201419,52784,Home,2537.15,718,2,2,1,Online,0
201420,52881,Home,466.32,654,2,5,0,Online,0
201421,52064,Home,1572.9,1329,2,1,1,Phone,0
201422,55354,Home,3206.84,2951,1,0,0,Online,0
201423,50608,Motor,10472.01,3521,0,4,1,Online,0
201424,51699,Motor,1085.16,218,4,4,0,Online,1
201425,50288,Home,2489.49,1299,2,2,0,Online,0
201426,53471,Motor,1949.89,106,1,3,0,Online,0
201427,55972,Motor,2672.39,2323,0,5,0,Online,0
201428,50056,Home,2899.15,2426,0,3,0,Phone,0
201429,53883,Motor,2848.02,52,2,3,0,Phone,0
201430,53422,Motor,1142.57,3564,1,6,0,Phone,0
201431,50502,Motor,2008.18,49,0,2,1,Phone,0
201432,52173,Motor,2600.02,1361,0,4,0,Online,0
201433,55995,Motor,508.46,799,4,3,0,Online,1
201434,54930,Motor,3431.01,2621,2,1,0,Phone,1
201435,55026,Home,3307.88,1740,1,2,0,Phone,0
201436,54987,Motor,116.45,262,1,5,1,Phone,0
201437,53818,Home,960.34,2393,3,4,0,Broker,0
201438,55549,Motor,699.07,1779,0,6,0,Phone,0
201439,50039,Home,2411.56,2992,0,4,0,Online,0
201440,51866,Travel,1413.07,544,1,2,1,Online,0
201441,54107,Home,5590.03,1889,0,2,0,Broker,0
201442,55259,Home,712.83,1013,1,3,0,Online,1
201443,50728,Motor,2063.32,505,4,3,0,Online,0
201444,54322,Home,1617.64,945,4,3,0,Phone,1
201445,50683,Motor,3613.33,10,1,2,1,Phone,0
201446,51541,Motor,2257.92,2740,2,5,0,Broker,0
201447,52175,Motor,3554.57,2979,0,1,0,Online,0
201448,50519,Motor,4280.82,253,1,2,0,Online,1
201449,55348,Home,2264.28,3635,2,9,0,Phone,0
201450,52492,Motor,2176.26,2202,2,3,0,Online,0
201451,50901,Motor,1407.43,552,0,8,0,Phone,1
201452,52062,Motor,2692.12,2340,0,8,0,Broker,0
201453,50813,Travel,1991.77,3588,1,2,0,Online,0
201454,52515,Home,814.51,2835,0,2,0,Online,0
201455,52395,Motor,2290.92,3412,0,2,0,Online,0
201456,53810,Motor,901.05,3530,2,3,0,Online,0
201457,51302,Home,4018.11,974,1,3,0,Online,1
201458,52933,Travel,2229.27,2746,0,3,0,Phone,0
201459,50128,Travel,3043.06,2057,1,5,0,Online,0
201460,50338,Motor,2093.69,2755,2,2,0,Phone,0
201461,50495,Home,190.11,1726,1,1,1,Broker,1
201462,52625,Home,1048.65,1090,2,2,0,Phone,0
201463,52340,Motor,2834.56,631,1,3,0,Phone,0
201464,51471,Motor,4766.04,220,2,8,0,Online,0
201465,55173,Motor,1225.41,1518,1,3,0,Online,1
201466,55341,Home,710.06,3295,1,6,0,Online,1
201467,51806,Motor,2230.42,729,0,5,1,Online,0
201468,52853,Home,750.53,3193,1,6,0,Phone,0
201469,52762,Motor,1971.97,2612,1,6,0,Phone,0
201470,51690,Home,3977.3,2638,2,7,0,Phone,0
201471,50991,Home,2244.81,1866,2,5,1,Online,0
201472,52785,Motor,448.22,999,0,2,1,Online,0
201473,55076,Travel,5677.81,998,1,1,0,Phone,1
201474,52429,Motor,3095.64,2932,2,4,0,Phone,0
201475,51908,Motor,3825.83,1636,0,3,0,Broker,0
201476,50793,Motor,1999.35,1830,1,3,1,Online,0
201477,50952,Travel,7691.55,1369,2,3,0,Online,0
201478,52175,Motor,3310.3,40,1,6,0,Online,0
201479,52614,Motor,7370.53,2832,1,3,0,Phone,0
201480,53759,Motor,252.31,1768,0,5,0,Phone,0
201481,52285,Home,1574.13,2507,3,2,0,Online,0
201482,53190,Home,1931.9,1976,0,6,1,Phone,0
201483,51599,Motor,1976.01,3398,3,2,1,Broker,0
201484,54054,Home,4134.22,2341,0,6,0,Phone,0
201485,54895,Motor,2432.19,2782,3,6,0,Broker,0
201486,53124,Motor,4027.79,242,2,7,1,Online,0
201487,51316,Travel,2064.7,817,3,4,0,Online,0
201488,55184,Motor,5825.6,2152,2,9,0,Online,1
201489,52927,Home,1938.03,769,0,8,0,Online,0
201490,54086,Home,2865.62,3238,2,4,1,Phone,0
201491,50889,Home,1788.91,3070,0,3,0,Online,0
201492,54415,Home,1972.54,2487,1,2,0,Broker,0
201493,50518,Motor,1764.66,47,1,4,0,Online,0
201494,55432,Motor,1350.56,1210,2,3,0,Online,0
201495,51634,Home,5707.6,1850,1,6,1,Phone,0
201496,51718,Home,5600.42,2500,2,3,0,Online,1
201497,53145,Motor,462.53,605,1,6,1,Broker,0
201498,53998,Home,527.37,161,0,1,0,Online,0
201499,52956,Motor,2822.53,1214,0,2,1,Phone,0
201500,51868,Motor,426.37,2693,0,6,1,Online,0
201501,54770,Travel,4314.17,2524,3,5,0,Online,1
201502,52167,Travel,1596.6,960,3,4,0,Online,0
201503,53390,Home,1947.41,3179,1,3,0,Phone,1
201504,52056,Motor,693.45,3279,1,5,0,Online,0
201505,52440,Motor,3523.98,307,3,9,0,Online,0
201506,51245,Home,1454.75,27,1,5,1,Broker,1
201507,53200,Home,1948.77,1589,0,4,0,Online,0
201508,51059,Motor,6502.07,1543,1,5,0,Online,0
201509,52848,Travel,1013.69,1297,0,2,1,Online,1
201510,53225,Motor,1632.63,1328,1,3,0,Phone,0
201511,51683,Home,569.33,1697,2,3,0,Broker,0
201512,53708,Home,663.28,3551,2,3,0,Broker,0
201513,52031,Home,1247.22,2421,2,3,0,Online,0
201514,53345,Motor,1992.79,2144,0,6,0,Broker,0
201515,55832,Motor,2128.07,68,0,2,0,Online,1
201516,51549,Home,5898.45,1106,0,1,0,Online,0
201517,55672,Home,343.7,2058,0,1,0,Online,0
201518,53534,Home,1650.34,2882,1,6,0,Phone,1
201519,55541,Home,1655.09,575,0,0,1,Phone,0
201520,52172,Home,3328.94,548,1,5,0,Online,0
201521,52391,Motor,96.42,1664,0,2,0,Online,0
201522,50862,Motor,1662.44,765,4,6,0,Phone,0
201523,54245,Home,2771.03,5,0,3,0,Broker,0
201524,55587,Travel,1362.35,3262,1,6,1,Online,0
201525,54207,Motor,9018.47,731,0,5,0,Broker,1
201526,53705,Travel,1484.64,2695,1,8,0,Online,0
201527,51628,Motor,5111.74,998,1,2,0,Online,0
201528,51205,Motor,2031.62,2751,0,2,1,Phone,0
201529,55348,Home,2266.25,85,0,4,0,Phone,0
201530,52638,Motor,2470.0,2388,2,1,0,Online,1
201531,52654,Travel,1883.24,844,0,1,0,Online,0
201532,54338,Home,3829.55,3205,1,3,0,Broker,0
201533,54023,Home,2227.96,2021,2,3,0,Online,1
201534,50662,Motor,1843.0,1887,2,5,0,Online,0
201535,55688,Motor,1130.24,1358,1,4,1,Online,0
201536,52378,Travel,2689.77,2916,0,2,0,Online,1
201537,52251,Motor,1744.73,1490,1,4,0,Phone,0
201538,51034,Home,4432.7,690,3,7,1,Online,0
201539,50428,Home,1177.71,3314,3,7,1,Phone,0
201540,52000,Home,2488.13,2884,1,10,0,Online,0
201541,51829,Motor,1168.95,676,0,5,0,Broker,0
201542,52654,Home,4040.51,766,1,7,1,Online,1
201543,51016,Home,347.8,2183,1,4,0,Phone,0
201544,51134,Travel,3495.12,3107,2,3,0,Broker,0
201545,53995,Motor,1632.51,2086,2,4,0,Phone,0
201546,53755,Motor,3449.85,600,2,4,0,Online,0
201547,55234,Motor,1415.19,1450,0,3,0,Online,0
201548,50711,Home,2039.84,361,0,5,1,Phone,0
201549,50250,Motor,2565.99,1899,1,8,0,Online,0
201550,55772,Home,1437.71,528,0,6,1,Broker,0
201551,53567,Motor,1864.91,2352,2,4,0,Phone,0
201552,52047,Home,1387.31,3043,0,3,1,Broker,0
201553,55519,Motor,1043.66,2033,3,5,1,Online,0
201554,52063,Travel,1475.69,68,0,11,0,Phone,0
201555,50537,Motor,542.23,992,0,5,0,Online,0
201556,52469,Motor,741.8,1597,0,4,0,Phone,0
201557,54807,Motor,454.26,1604,1,1,0,Broker,0
201558,50997,Motor,4069.48,3295,2,3,1,Broker,0
201559,53764,Motor,1411.55,2125,0,4,0,Phone,1
201560,53436,Home,1568.15,2004,0,1,1,Phone,0
201561,50913,Motor,3674.99,1757,1,3,1,Phone,1
201562,52347,Motor,1742.06,579,1,3,0,Online,0
201563,51660,Home,5699.76,834,1,4,0,Phone,0
201564,55760,Home,2768.5,3613,1,6,1,Online,0
201565,54875,Motor,706.72,577,1,7,0,Phone,0
201566,50033,Home,5552.51,2333,4,3,0,Phone,0
201567,53109,Motor,3867.59,698,1,2,0,Online,0
201568,55575,Home,1195.97,378,3,5,1,Phone,0
201569,55896,Home,3482.33,1180,1,2,1,Online,1
201570,50601,Motor,2913.89,2738,2,5,0,Online,1
201571,54538,Home,2763.67,70,1,2,0,Phone,1
201572,53497,Home,738.45,3545,2,7,1,Online,0
201573,54910,Home,1506.95,3223,3,5,0,Phone,0
201574,54106,Home,6188.86,2950,2,5,0,Phone,0
201575,50245,Motor,1117.85,3305,1,1,0,Broker,1
201576,54767,Home,1201.14,2535,1,8,1,Broker,0
201577,53800,Home,7934.22,1805,1,2,0,Phone,0
201578,55497,Travel,2284.87,1353,1,2,0,Online,1
201579,51275,Motor,2306.78,3090,1,2,0,Online,0
201580,52094,Motor,2597.17,779,1,5,0,Online,0
201581,50701,Motor,1472.22,1371,0,2,0,Phone,1
201582,51169,Motor,168.2,768,2,7,0,Online,0
201583,51591,Travel,1550.0,3029,0,3,0,Phone,0
201584,54796,Motor,3954.74,3562,1,4,1,Online,0
201585,55917,Travel,1491.86,1235,0,5,0,Phone,0
201586,51286,Motor,925.82,2039,0,7,0,Broker,0
201587,54042,Home,6773.34,77,1,3,0,Phone,1
201588,50856,Home,5933.45,2582,0,4,0,Online,0
201589,54194,Home,3706.81,1930,1,2,0,Phone,0
201590,52696,Home,1008.75,3441,0,3,0,Phone,0
201591,55326,Motor,3934.59,547,1,5,1,Phone,0
201592,53878,Motor,2477.03,3414,3,5,1,Online,1
201593,54336,Travel,6418.85,3064,1,4,0,Online,0
201594,55904,Motor,3972.77,494,1,6,0,Phone,0
201595,53095,Motor,2717.1,2342,0,3,0,Phone,1
201596,53191,Motor,3347.55,2591,3,6,1,Phone,0
201597,50674,Home,3335.31,1688,0,2,1,Online,0
201598,53191,Home,3092.34,3608,0,8,0,Phone,0
201599,50041,Home,2987.52,2473,1,7,0,Online,0
201600,52130,Motor,2758.23,2541,1,7,0,Online,0
201601,53014,Motor,1445.42,1168,0,4,0,Online,0
201602,55115,Motor,2036.1,1798,3,3,0,Phone,0
201603,50921,Travel,1648.02,3614,2,7,0,Phone,0
201604,55360,Home,2374.37,3626,1,4,0,Phone,0
201605,50068,Home,2469.16,1620,2,4,0,Online,0
201606,50977,Motor,5137.54,1255,2,4,0,Phone,0
201607,53553,Home,4978.88,3060,1,3,0,Broker,0
201608,50491,Home,2944.53,1887,1,5,0,Online,0
201609,55512,Motor,2676.88,297,0,1,0,Online,0
201610,54056,Home,861.82,2253,0,2,0,Broker,0
201611,53259,Home,734.7,1640,1,5,0,Phone,0
201612,55464,Home,3125.71,2794,3,7,0,Phone,0
201613,51194,Motor,684.29,971,1,5,0,Online,0
201614,54218,Motor,7117.58,3197,2,7,0,Phone,0
201615,53853,Motor,497.17,3497,0,4,1,Online,0
201616,53879,Motor,2067.14,1979,2,4,0,Online,0
201617,50148,Motor,6231.74,1057,0,0,0,Online,0
201618,51456,Home,1630.68,1306,1,7,1,Broker,0
201619,53780,Motor,2677.31,1058,0,3,0,Phone,0
201620,55949,Motor,1230.75,1774,3,4,0,Online,1
201621,54210,Motor,2034.59,3241,0,5,0,Broker,0
201622,52877,Home,5766.4,2943,2,2,1,Online,0
201623,51160,Home,3697.78,1090,0,5,1,Online,0
201624,54078,Motor,2470.27,1815,1,6,1,Online,0
201625,52445,Motor,2661.88,3521,1,4,0,Online,0
201626,55145,Home,2978.49,2015,0,8,1,Online,0
201627,50869,Travel,1797.12,1347,3,1,1,Online,0
201628,54940,Home,2980.03,1484,3,2,0,Phone,0
201629,51296,Motor,1662.14,87,1,3,1,Phone,1
201630,52511,Home,1537.03,2802,1,6,1,Online,0
201631,53505,Home,1137.35,241,1,3,0,Phone,0
201632,54143,Home,6140.75,2677,1,5,0,Online,0
201633,55297,Motor,3144.83,1248,2,6,0,Online,0
201634,52721,Motor,232.6,1256,0,4,1,Online,1
201635,53865,Home,3495.09,3623,3,7,0,Phone,0
201636,50255,Motor,6558.23,911,2,5,0,Online,0
201637,54686,Motor,4197.26,2427,0,5,1,Online,1
201638,52961,Home,3019.67,988,1,5,0,Online,0
201639,55412,Travel,1743.35,604,0,5,1,Broker,0
201640,55268,Home,1761.05,1306,1,4,0,Online,0
201641,51455,Motor,4053.62,2188,2,1,1,Broker,1
201642,55891,Home,6466.99,1069,2,7,0,Phone,0
201643,50973,Motor,1827.39,2292,4,6,1,Phone,1
201644,50728,Motor,2583.63,2770,0,2,0,Online,0
201645,54668,Home,3921.5,1877,1,4,0,Phone,0
201646,51817,Motor,1982.29,1433,4,3,1,Online,0
201647,53980,Home,2763.17,2240,2,4,0,Online,0
201648,53673,Motor,218.19,2184,1,5,1,Online,0
201649,54885,Motor,1964.33,1004,0,5,0,Online,0
201650,55672,Motor,7018.55,1853,2,3,1,Online,0
201651,52021,Home,661.75,1550,2,4,0,Online,0
201652,50383,Motor,509.37,378,1,5,0,Online,1
201653,55760,Travel,1576.95,190,1,0,0,Phone,0
201654,53137,Travel,3062.7,660,0,4,1,Online,0
201655,55167,Travel,246.88,1955,2,5,0,Online,0
201656,52720,Motor,4610.5,2137,1,3,0,Online,0
201657,50556,Home,4633.16,956,0,5,1,Phone,1
201658,50919,Home,1871.14,3541,2,5,0,Online,0
201659,53420,Travel,3349.28,2669,0,6,0,Broker,0
201660,55754,Travel,1061.48,812,0,5,0,Broker,0
201661,55860,Home,3639.5,1480,1,4,1,Phone,0
201662,55925,Motor,5694.24,1869,2,5,0,Online,0
201663,50919,Motor,476.61,3497,1,6,0,Online,1
201664,55439,Travel,3495.06,1129,0,3,0,Online,1
201665,55154,Motor,1884.41,2987,0,6,0,Phone,0
201666,52339,Home,8461.55,3537,2,2,0,Broker,0
201667,52867,Home,4994.71,422,1,1,0,Broker,0
201668,50165,Home,1781.66,3210,6,6,1,Broker,0
201669,50283,Travel,1336.47,2175,0,2,0,Online,0
201670,54137,Motor,74.6,2125,3,5,1,Online,0
201671,51638,Home,4285.75,2731,2,6,0,Broker,0
201672,55428,Home,3119.6,1931,0,3,0,Online,0
201673,52512,Home,3654.44,2179,0,2,0,Online,0
201674,53934,Motor,5101.13,848,0,2,0,Online,0
201675,55531,Motor,1219.26,2321,1,3,0,Phone,0
201676,52170,Motor,4170.09,3631,1,2,0,Phone,0
201677,52963,Travel,4879.17,2754,1,4,0,Online,0
201678,50229,Travel,2700.16,13,1,5,0,Online,0
201679,51855,Motor,742.54,2500,1,6,0,Online,0
201680,54525,Home,1032.38,3235,1,4,0,Online,0
201681,50950,Motor,4007.71,2694,1,2,0,Broker,0
201682,51776,Home,224.24,2790,3,4,1,Broker,0
201683,53716,Home,3370.57,2816,2,6,1,Online,0
201684,54142,Motor,4664.11,2888,1,4,1,Online,0
201685,50623,Motor,5369.15,2700,0,7,0,Phone,1
201686,52583,Motor,1270.98,2976,2,1,0,Phone,0
201687,53734,Home,4896.46,2856,0,4,1,Phone,0
201688,51669,Motor,592.34,3144,4,3,0,Phone,0
201689,51484,Home,4847.54,1635,2,5,1,Broker,0
201690,52148,Home,4087.39,3098,2,6,0,Online,0
201691,51631,Home,4970.06,1698,1,5,0,Online,0
201692,53846,Travel,2858.36,1803,1,3,0,Online,0
201693,52181,Motor,8730.97,1382,0,2,0,Online,0
201694,55642,Motor,1011.59,3577,0,1,0,Broker,0
201695,54580,Home,3485.45,3309,1,3,0,Online,0
201696,52420,Home,3914.77,79,2,2,0,Online,0
201697,55880,Home,3732.53,3484,0,4,0,Online,0
201698,53616,Motor,5500.8,1836,0,4,1,Online,0
201699,55616,Motor,1863.99,61,1,3,1,Online,0
201700,50434,Motor,1996.42,444,1,4,0,Phone,1
201701,54608,Home,734.52,2373,1,3,0,Broker,0
201702,52444,Motor,3496.94,3340,3,1,0,Online,0
201703,50534,Travel,2284.74,1118,2,5,0,Phone,0
201704,52449,Motor,3261.0,3319,1,1,1,Online,0
201705,53225,Travel,4059.48,3377,1,3,0,Online,0
201706,51772,Motor,2754.36,3064,0,4,0,Online,0
201707,55801,Motor,2253.77,3037,3,7,1,Broker,0
201708,51439,Home,2673.62,3264,5,4,1,Online,1
201709,52115,Motor,2417.52,2916,0,3,0,Online,1
201710,52509,Motor,1960.71,873,0,1,0,Phone,0
201711,51675,Motor,2980.86,1787,0,4,1,Broker,0
201712,54100,Motor,4083.55,764,1,2,0,Broker,1
201713,51317,Motor,1308.0,1933,1,3,0,Online,0
201714,53673,Travel,4199.1,3620,0,3,0,Online,0
201715,52121,Motor,5424.04,2637,0,2,0,Phone,0
201716,54091,Travel,4151.51,1805,0,3,0,Phone,1
201717,55854,Motor,408.12,1628,3,2,0,Phone,1
201718,53283,Travel,5126.47,1903,2,4,0,Online,0
201719,53389,Motor,1889.46,397,2,5,0,Broker,0
201720,55319,Travel,6067.14,1388,2,6,0,Broker,0
201721,52148,Motor,725.31,3158,0,10,0,Online,0
201722,55162,Home,205.1,1080,2,3,0,Broker,0
201723,52167,Motor,2540.59,1437,0,3,1,Online,0
201724,52153,Motor,3334.76,3383,3,3,0,Online,0
201725,52063,Motor,4611.39,169,2,4,0,Online,0
201726,53513,Travel,1519.66,3257,1,3,0,Broker,0
201727,54060,Motor,3903.18,506,1,2,1,Online,0
201728,53928,Motor,2551.95,968,0,2,1,Phone,0
201729,52440,Home,2805.81,3497,1,3,0,Phone,0
201730,54334,Motor,1511.95,3475,1,3,1,Online,0
201731,53041,Home,10298.69,2883,3,3,1,Phone,0
201732,53139,Motor,3297.28,2241,1,4,0,Online,0
201733,50310,Home,1552.71,2814,0,5,0,Online,0
201734,53548,Motor,237.7,2683,1,1,0,Online,1
201735,53443,Motor,1222.45,1772,0,4,0,Online,1
201736,53023,Home,485.68,1982,0,4,0,Phone,0
201737,54643,Motor,2736.33,1050,0,4,0,Phone,0
201738,50488,Motor,999.45,838,3,2,1,Online,0
201739,52590,Home,710.87,2002,2,0,0,Online,0
201740,52199,Travel,5844.22,173,1,7,0,Broker,0
201741,51100,Motor,1146.06,3176,1,1,0,Phone,0
201742,54980,Home,5328.88,3109,2,4,0,Online,0
201743,55134,Home,7022.95,305,0,5,0,Phone,1
201744,54600,Home,4739.29,2015,2,6,1,Online,0
201745,51094,Motor,2349.95,908,0,5,0,Broker,0
201746,51613,Travel,1146.78,546,1,1,0,Broker,1
201747,54603,Motor,4351.51,708,0,7,1,Phone,0
201748,55332,Travel,1734.16,3023,2,3,1,Online,1
201749,51026,Home,1620.97,1994,1,6,0,Online,1
201750,53982,Motor,6920.45,2317,1,3,0,Online,1
201751,55274,Motor,2897.14,394,0,3,0,Phone,0
201752,53285,Home,3087.49,95,1,4,1,Broker,0
201753,51494,Home,2362.67,685,0,2,0,Phone,0
201754,52413,Motor,1866.33,2743,2,8,0,Online,0
201755,55336,Travel,1397.73,3106,1,2,1,Phone,0
201756,50108,Home,3014.04,2301,0,5,1,Online,0
201757,51268,Motor,2839.88,1067,0,6,0,Online,0
201758,55926,Motor,1246.59,2832,0,4,0,Broker,0
201759,54740,Motor,457.35,3097,0,2,0,Online,0
201760,51158,Home,3268.81,3460,1,2,0,Online,0
201761,50288,Travel,7177.21,1234,0,4,0,Online,1
201762,54270,Home,1338.86,2220,0,6,0,Broker,0
201763,50066,Motor,6911.21,2632,0,8,1,Phone,0
201764,53403,Motor,2907.82,3588,0,3,0,Online,0
201765,52280,Motor,370.8,1414,1,6,0,Online,0
201766,53533,Motor,1330.26,3478,0,5,1,Online,0
201767,54749,Home,6663.62,2354,1,5,0,Phone,0
201768,54803,Home,5298.04,2314,0,6,0,Phone,0
201769,52791,Home,546.33,1472,3,1,1,Online,0
201770,51613,Home,1153.89,1945,0,3,1,Online,0
201771,50056,Home,3156.17,3570,0,6,0,Phone,0
201772,50876,Motor,4008.52,3039,0,3,1,Online,0
201773,50219,Home,1782.22,2386,2,1,1,Online,0
201774,55886,Travel,1455.89,3266,3,3,1,Online,0
201775,55528,Home,2703.31,380,0,2,1,Phone,0
201776,52991,Motor,761.38,1655,1,2,0,Phone,0
201777,53288,Motor,1149.67,1548,0,8,0,Phone,0
201778,55354,Motor,2396.44,2023,1,3,0,Broker,0
201779,50824,Home,2451.95,1557,0,5,0,Phone,0
201780,50049,Motor,2335.92,1521,2,2,0,Online,0
201781,55597,Travel,4130.72,3472,0,2,1,Phone,1
201782,52695,Home,2032.49,2398,1,6,1,Broker,0
201783,51955,Travel,2444.71,1442,0,3,1,Online,1
201784,52147,Motor,648.16,264,1,6,1,Phone,1
201785,55470,Home,2688.38,1252,1,4,0,Online,0
201786,54494,Motor,1688.5,2099,0,4,0,Phone,0
201787,54232,Home,3541.2,1870,0,2,0,Online,0
201788,51321,Home,2961.41,811,0,4,0,Phone,0
201789,52116,Home,4563.69,2302,1,9,0,Phone,0
201790,50420,Motor,1709.88,542,1,2,0,Online,1
201791,52818,Home,4511.1,968,0,4,0,Broker,0
201792,53855,Motor,4420.5,3388,3,2,0,Phone,0
201793,53057,Home,1333.56,211,1,4,0,Phone,0
201794,54339,Motor,5287.9,1468,0,5,0,Online,0
201795,50441,Home,2293.11,1576,3,6,1,Online,1
201796,52071,Motor,6215.78,716,1,6,0,Online,0
201797,55515,Motor,3286.86,948,1,8,0,Online,0
201798,53726,Motor,2864.62,518,2,4,1,Online,0
201799,50984,Motor,640.44,146,1,4,0,Online,0
201800,54003,Home,1997.65,913,0,4,0,Online,0
201801,51538,Motor,1109.55,1231,0,4,0,Phone,0
201802,51930,Home,2439.4,2650,0,6,0,Online,1
201803,51556,Travel,963.96,1347,3,7,0,Broker,0
201804,53422,Motor,3091.55,1047,1,4,0,Online,0
201805,50745,Home,1398.27,1859,1,3,0,Phone,1
201806,54540,Motor,2901.73,3156,2,3,1,Broker,0
201807,55054,Home,2127.0,636,1,3,1,Online,0
201808,54375,Home,1127.51,676,0,5,0,Broker,0
201809,54660,Motor,414.84,1761,2,6,0,Broker,0
201810,53801,Home,1696.84,1859,2,1,1,Online,0
201811,53159,Home,984.81,3093,1,6,0,Phone,0
201812,51069,Home,6245.95,3619,1,7,0,Phone,0
201813,51703,Home,920.97,3268,0,3,0,Phone,1
201814,51941,Motor,1332.1,3500,2,4,1,Phone,0
201815,51867,Home,1688.41,848,2,3,0,Online,0
201816,53632,Motor,2596.89,2516,3,6,1,Phone,0
201817,53718,Travel,778.29,1629,1,7,0,Online,0
201818,53741,Travel,2888.64,3029,1,3,0,Online,1
201819,55017,Motor,4494.12,411,1,2,1,Online,0
201820,54152,Home,4467.52,2138,3,1,0,Online,0
201821,50160,Motor,447.69,3616,2,10,0,Phone,0
201822,55274,Travel,413.96,71,0,1,0,Online,0
201823,54460,Motor,1602.5,137,1,8,1,Broker,1
201824,53194,Travel,1127.19,2325,2,2,0,Phone,1
201825,54335,Motor,1396.91,3333,0,8,0,Online,0
201826,50928,Motor,1404.11,2133,0,5,0,Broker,0
201827,52979,Motor,266.79,1168,1,6,0,Online,0
201828,51865,Home,237.75,2411,1,3,0,Online,0
201829,51974,Home,1110.84,2121,0,5,0,Online,0
201830,54158,Motor,2773.88,1458,0,4,1,Online,0
201831,50815,Travel,3990.71,1082,1,6,1,Phone,0
201832,52371,Motor,1839.21,1969,0,2,0,Online,0
201833,50891,Motor,504.09,361,2,3,1,Broker,0
201834,54942,Home,8446.67,3119,1,4,0,Online,0
201835,51429,Motor,2493.32,2164,3,7,1,Broker,0
201836,50252,Home,2517.97,1720,0,2,1,Phone,0
201837,51678,Home,2174.48,2034,0,2,0,Online,0
201838,50540,Home,4635.59,2076,2,4,1,Online,0
201839,50211,Home,3721.9,1742,1,4,0,Phone,0
201840,54988,Motor,3682.68,361,0,5,0,Online,0
201841,55214,Travel,6270.81,2660,1,5,1,Broker,0
201842,52381,Home,6414.32,2236,1,4,0,Online,0
201843,51064,Motor,1399.73,1334,0,9,0,Phone,1
201844,53667,Travel,4601.79,1289,2,1,0,Online,0
201845,54295,Motor,4226.12,1031,3,6,1,Online,0
201846,55624,Travel,340.31,1194,1,5,0,Phone,0
201847,52912,Home,3397.3,2739,1,7,0,Online,0
201848,55930,Home,3222.48,61,3,6,0,Online,0
201849,53263,Motor,1746.71,483,4,6,1,Online,0
201850,54505,Travel,5221.52,2646,0,5,0,Phone,0
201851,53913,Home,2627.35,1098,1,1,0,Phone,0
201852,53951,Home,1271.4,2016,1,4,0,Broker,1
201853,55946,Motor,1886.03,1144,4,4,0,Phone,0
201854,53412,Motor,6630.65,3102,2,4,0,Phone,0
201855,53726,Home,1531.21,2698,1,5,0,Online,1
201856,55428,Motor,2404.85,1005,0,4,0,Online,0
201857,53543,Home,6551.73,1643,0,4,1,Online,0
201858,54282,Motor,451.44,2469,0,1,0,Broker,0
201859,52102,Travel,2366.45,703,1,2,0,Online,0
201860,54140,Motor,4192.68,721,1,0,0,Online,0
201861,53485,Home,1492.95,2594,0,5,0,Online,0
201862,55598,Home,5471.29,2109,1,5,1,Online,0
201863,50492,Motor,1674.88,2662,1,3,0,Broker,0
201864,54313,Motor,862.38,1290,1,3,0,Phone,0
201865,55645,Motor,577.59,1608,2,7,0,Phone,0
201866,55840,Motor,1518.24,145,2,1,0,Online,0
201867,55661,Home,3008.53,370,0,2,0,Online,0
201868,54950,Home,647.44,3151,0,4,0,Broker,0
201869,50550,Home,3102.02,2032,2,5,0,Online,0
201870,54643,Motor,4081.04,1792,0,2,0,Broker,0
201871,51557,Home,1594.28,2738,0,4,1,Online,0
201872,55585,Motor,1889.59,165,1,3,0,Phone,0
201873,51088,Motor,1661.18,2713,1,0,0,Phone,0
201874,51036,Motor,1226.94,1289,0,4,0,Broker,0
201875,54623,Home,1857.98,232,0,3,0,Online,0
201876,53162,Travel,1053.53,3627,0,7,0,Online,0
201877,52602,Motor,2092.23,315,0,7,0,Online,0
201878,54290,Travel,4074.83,613,1,10,1,Phone,0
201879,54513,Motor,3595.78,2052,3,5,0,Broker,0
201880,54725,Motor,667.21,1064,1,3,1,Online,0
201881,51590,Motor,3645.43,1288,0,1,0,Broker,0
201882,52063,Home,2541.34,2779,1,3,0,Phone,0
201883,54429,Motor,1721.25,108,0,0,1,Phone,0
201884,52073,Home,2506.86,338,0,6,0,Phone,1
201885,55599,Home,5884.9,1457,1,2,0,Online,0
201886,55663,Travel,2900.06,173,3,6,0,Phone,0
201887,53574,Motor,1556.3,866,1,6,0,Online,0
201888,54902,Travel,4242.83,2344,0,5,0,Phone,1
201889,53062,Motor,2426.2,1188,0,4,0,Broker,0
201890,55212,Motor,1930.73,2227,0,7,0,Online,0
201891,50943,Motor,815.21,847,0,0,0,Online,1
201892,51157,Travel,8039.05,87,0,6,1,Online,1
201893,52244,Motor,1873.77,1880,4,3,1,Phone,0
201894,51892,Home,2584.07,2345,2,6,1,Online,0
201895,52966,Motor,6145.38,1214,2,3,1,Online,1
201896,51777,Home,1942.18,1265,5,8,0,Phone,0
201897,55542,Motor,3948.82,3316,0,4,0,Online,0
201898,51511,Motor,1257.21,3551,1,5,0,Phone,0
201899,55213,Home,196.02,1203,3,2,0,Online,0
201900,53500,Motor,3135.1,948,1,2,0,Online,0
201901,53260,Motor,4297.05,650,3,8,0,Online,0
201902,54804,Motor,1841.24,1897,0,2,0,Phone,0
201903,52127,Motor,3531.91,2033,3,4,1,Online,0
201904,52660,Home,2568.94,2474,1,6,1,Online,0
201905,54828,Home,2440.91,3582,3,3,0,Online,0
201906,52645,Motor,6147.13,1354,3,3,0,Phone,0
201907,54083,Motor,5841.98,1855,1,5,1,Phone,0
201908,52026,Motor,4386.9,1960,0,5,0,Online,0
201909,50725,Motor,3153.46,2662,1,5,0,Phone,0
201910,54484,Travel,473.38,1299,1,5,0,Online,0
201911,51664,Motor,3642.67,825,2,4,1,Online,0
201912,50215,Travel,1557.7,2067,1,3,0,Online,0
201913,55087,Motor,194.41,2157,0,3,1,Phone,1
201914,54575,Home,3523.9,2502,1,7,0,Online,0
201915,51414,Travel,3234.17,1767,0,10,0,Broker,1
201916,52348,Motor,1116.02,1280,0,3,0,Broker,0
201917,52668,Travel,1220.01,2013,1,5,0,Online,0
201918,52273,Travel,609.42,1504,0,3,0,Phone,0
201919,55205,Motor,2985.38,3547,0,3,0,Online,0
201920,55672,Motor,2886.31,2972,0,6,0,Broker,0
201921,51109,Motor,4517.97,1132,2,4,0,Online,0
201922,55439,Home,2100.79,11,1,3,0,Online,1
201923,55187,Home,4132.56,3097,1,6,1,Online,0
201924,51891,Motor,5816.92,2500,1,3,0,Broker,1
201925,52420,Motor,8943.59,2709,4,1,0,Online,0
201926,52931,Motor,8161.15,805,1,3,0,Phone,0
201927,51422,Home,1371.16,1299,2,1,1,Phone,0
201928,55722,Motor,4349.2,876,2,2,0,Online,1
201929,52596,Motor,2596.26,518,1,3,1,Online,0
201930,55257,Motor,991.16,3315,3,5,0,Online,0
201931,54629,Motor,5671.59,838,0,9,1,Broker,0
201932,51386,Motor,8010.71,203,0,5,1,Online,0
201933,55422,Travel,1088.68,1499,1,4,0,Broker,1
201934,52779,Motor,1147.77,1275,1,6,0,Online,1
201935,55372,Travel,2147.73,3380,2,3,1,Online,0
201936,54695,Motor,3455.52,2789,0,3,0,Phone,0
201937,51756,Travel,561.38,1351,0,0,0,Online,0
201938,55022,Motor,1785.19,881,2,3,0,Online,1
201939,53254,Motor,2692.58,531,1,4,0,Broker,0
201940,55776,Travel,4530.09,2219,0,5,1,Online,0
201941,54296,Motor,8029.98,2132,1,10,0,Online,0
201942,54338,Home,2426.45,3333,1,2,0,Phone,0
201943,54676,Motor,4561.17,1214,1,7,0,Online,0
201944,52575,Home,1163.85,2981,1,2,0,Phone,0
201945,52847,Travel,1483.1,1887,1,5,0,Online,0
201946,53731,Motor,527.18,1324,2,5,0,Online,0
201947,54628,Travel,2039.9,2457,1,4,0,Online,0
201948,52659,Travel,916.83,2137,0,2,0,Phone,0
201949,52189,Motor,1862.27,1460,0,2,1,Online,0
201950,51950,Travel,3887.44,839,4,2,0,Online,1
201951,51904,Travel,5208.27,2666,0,1,0,Online,0
201952,50026,Home,808.02,865,0,4,1,Online,1
201953,55058,Travel,3477.83,1151,1,4,0,Phone,1
201954,54987,Motor,4743.23,452,2,3,0,Online,1
201955,54900,Home,3605.49,3168,1,6,1,Online,0
201956,54081,Home,4453.43,3604,1,5,0,Online,0
201957,50697,Motor,2975.87,545,1,5,0,Phone,0
201958,50404,Motor,4062.26,1788,2,4,1,Broker,0
201959,50653,Motor,1836.72,1970,3,5,0,Online,0
201960,54814,Home,706.07,2652,2,3,0,Phone,0
201961,51785,Motor,1826.7,3229,2,7,0,Online,0
201962,53850,Home,1498.93,2335,0,5,1,Phone,0
201963,53192,Travel,1800.14,2631,3,8,0,Phone,0
201964,52903,Home,1023.61,442,1,6,0,Broker,0
201965,52907,Motor,795.48,3610,1,4,1,Online,0
201966,52637,Motor,6212.38,890,2,5,0,Online,0
201967,50123,Motor,3757.89,2291,0,3,1,Online,0
201968,53291,Home,3387.62,3469,1,9,0,Broker,0
201969,52381,Motor,1116.82,1398,4,1,1,Online,0
201970,52599,Motor,1301.23,1182,1,6,0,Phone,0
201971,50412,Travel,2860.88,619,0,2,0,Online,0
201972,50516,Home,3624.83,1089,2,3,0,Online,0
201973,52689,Travel,1508.69,2811,1,3,0,Online,0
201974,52255,Motor,1049.47,3614,2,4,0,Online,0
201975,52079,Home,5680.52,3330,2,5,1,Online,1
201976,50903,Motor,3539.35,1030,0,9,0,Online,0
201977,50050,Home,4038.35,3155,1,4,0,Online,0
201978,52230,Motor,131.29,454,1,5,0,Phone,0
201979,55109,Home,3231.5,43,0,3,1,Online,0
201980,52486,Motor,1256.37,2763,1,4,0,Online,0
201981,51810,Home,2537.68,1291,1,7,0,Phone,0
201982,52490,Travel,3328.23,1500,0,3,1,Online,0
201983,53919,Home,574.04,2074,1,3,0,Online,0
201984,50421,Motor,5538.69,511,1,6,0,Phone,1
201985,54903,Travel,3274.53,2433,0,2,0,Phone,0
201986,52564,Home,4029.16,636,0,4,0,Phone,0
201987,51357,Home,2897.93,2737,4,5,0,Online,0
201988,51606,Travel,1083.92,1074,2,3,0,Online,0
201989,55899,Home,5032.58,1422,1,2,0,Online,0
201990,51654,Home,1108.19,177,0,4,0,Online,0
201991,51128,Motor,835.02,1094,1,1,0,Phone,0
201992,55183,Home,824.52,831,1,3,0,Broker,0
201993,50440,Home,2532.55,177,1,4,0,Broker,0
201994,54369,Motor,2374.23,1838,2,8,0,Phone,0
201995,55518,Motor,2421.89,246,1,3,1,Phone,0
201996,53672,Home,6001.3,1412,0,6,0,Phone,0
201997,54845,Home,3925.67,1580,1,4,0,Online,0
201998,53387,Motor,1052.16,688,0,5,1,Online,0
201999,50897,Home,2805.4,926,1,5,0,Online,0
202000,50143,Motor,2284.18,1311,0,4,1,Online,0
202001,54648,Motor,1225.32,2976,0,1,0,Online,0
202002,54985,Motor,332.88,271,0,3,0,Phone,0
202003,51432,Travel,990.44,2908,2,3,0,Online,0
202004,51779,Home,1512.54,1437,1,7,0,Online,1
202005,50001,Home,575.5,1694,3,5,0,Phone,0
202006,53555,Home,118.8,966,2,2,1,Phone,0
202007,50527,Home,4682.39,3590,2,5,0,Online,0
202008,51777,Motor,1548.23,2799,1,2,1,Online,0
202009,51475,Motor,2412.02,1431,1,7,0,Online,0
202010,51896,Motor,2971.09,1477,4,3,0,Broker,0
202011,53714,Home,1714.91,2204,1,2,0,Phone,0
202012,55638,Home,352.85,1733,1,6,0,Online,1
202013,52884,Travel,1450.32,2212,2,3,0,Phone,1
202014,51920,Motor,1003.24,798,0,3,0,Online,0
202015,51882,Motor,4263.3,11,0,5,1,Phone,0
202016,55325,Motor,2689.5,860,0,5,0,Phone,1
202017,53827,Home,4057.04,1596,1,7,0,Online,1
202018,52271,Motor,2294.48,502,0,5,0,Online,0
202019,51566,Motor,1600.53,3377,2,4,0,Phone,0
202020,55630,Home,3068.25,2863,4,5,0,Online,0
202021,54095,Home,522.04,901,1,5,0,Online,1
202022,50698,Travel,2763.28,1527,3,3,0,Online,0
202023,53376,Motor,984.35,68,0,3,0,Online,0
202024,54580,Travel,6726.85,20,2,3,1,Broker,0
202025,55291,Travel,595.17,2424,1,2,0,Online,1
202026,54305,Home,3179.69,1806,2,4,1,Online,0
202027,52247,Motor,2676.48,1412,0,1,0,Online,0
202028,52477,Motor,2721.5,1578,2,1,1,Online,0
202029,53142,Motor,1493.56,1605,2,4,0,Online,1
202030,52109,Travel,2033.27,1881,1,4,0,Phone,0
202031,52849,Motor,9759.51,1679,1,4,0,Broker,1
202032,52260,Motor,2295.12,3035,0,4,0,Broker,0
202033,53206,Motor,258.15,2996,0,6,1,Online,0
202034,53050,Motor,3208.29,1730,1,6,0,Phone,1
202035,54381,Motor,263.73,125,0,3,0,Online,0
202036,50260,Home,2868.81,770,0,5,0,Broker,0
202037,54860,Motor,3545.84,1995,2,2,0,Broker,0
202038,51039,Motor,3815.56,778,2,4,0,Phone,0
202039,51541,Home,911.76,857,1,1,0,Online,0
202040,51733,Motor,3291.5,2690,2,5,0,Phone,0
202041,51317,Home,2976.84,1172,4,3,0,Online,0
202042,52265,Travel,1882.62,1925,1,8,0,Phone,1
202043,52194,Travel,4108.63,2034,1,4,0,Phone,0
202044,52049,Home,1996.46,3287,2,6,0,Broker,1
202045,50133,Home,4789.48,3362,1,6,1,Phone,0
202046,53585,Motor,848.68,12,0,8,0,Online,0
202047,52315,Home,569.14,1066,0,0,0,Phone,0
202048,50087,Motor,2630.36,2749,2,8,1,Phone,0
202049,54859,Motor,1890.52,2007,0,1,0,Broker,0
202050,55402,Home,3672.22,367,1,5,0,Online,1
202051,53113,Motor,3999.89,3615,1,2,1,Online,0
202052,52829,Home,2197.0,469,1,4,1,Phone,0
202053,51740,Motor,964.06,1094,0,7,1,Broker,0
202054,54755,Motor,1773.14,1839,1,6,1,Broker,0
202055,50855,Motor,1938.98,3270,0,2,0,Online,0
202056,51932,Motor,2204.72,1275,3,3,0,Broker,0
202057,50372,Motor,501.09,739,2,5,1,Phone,0
202058,53202,Motor,5223.31,1902,2,1,0,Online,1
202059,52069,Home,3913.84,1083,1,3,0,Online,0
202060,55619,Motor,1940.6,1384,1,7,0,Phone,0
202061,52956,Home,1786.27,2297,2,4,0,Broker,0
202062,52375,Home,621.84,1287,0,4,0,Broker,0
202063,54573,Home,2852.01,2800,0,4,1,Broker,1
202064,54226,Travel,1399.58,2503,1,4,1,Online,1
202065,53061,Home,2757.94,713,0,1,0,Online,0
202066,51732,Home,3097.82,265,1,2,0,Phone,0
202067,55604,Motor,770.89,2231,2,3,0,Online,0
202068,50887,Motor,1921.17,372,1,3,1,Online,0
202069,52668,Motor,2586.58,2058,0,4,0,Online,0
202070,53693,Home,1290.24,568,0,2,0,Phone,1
202071,51377,Motor,5207.67,1091,2,2,0,Online,0
202072,55930,Travel,3405.39,1140,0,4,1,Phone,1
202073,51636,Motor,1923.33,2877,1,5,1,Online,0
202074,52938,Travel,1378.42,3330,1,3,0,Broker,1
202075,52034,Motor,5806.19,2126,1,4,1,Online,0
202076,53601,Travel,6708.61,3197,5,3,0,Phone,0
202077,51018,Home,1860.99,3570,2,6,0,Online,0
202078,51450,Home,3920.15,896,1,4,0,Online,0
202079,53492,Home,710.97,3162,1,4,1,Phone,0
202080,55105,Travel,2372.2,2032,2,2,1,Broker,0
202081,54596,Home,2845.79,2363,2,2,0,Online,0
202082,55202,Motor,1232.76,2705,0,3,0,Online,0
202083,55930,Travel,2716.1,2665,3,3,0,Phone,0
202084,54158,Motor,5141.08,2805,0,1,0,Phone,0
202085,51800,Home,665.31,230,0,3,0,Online,1
202086,50120,Travel,5398.55,2951,0,3,1,Broker,0
202087,55164,Motor,2421.57,2358,1,3,1,Online,0
202088,55044,Travel,808.55,846,1,4,0,Online,0
202089,54387,Motor,1702.3,2547,0,5,0,Online,0
202090,55628,Home,1862.39,145,1,8,0,Phone,0
202091,52059,Motor,2123.93,1152,2,2,1,Online,0
202092,50103,Motor,2424.7,2242,1,1,1,Online,0
202093,51441,Motor,1219.93,1616,1,5,0,Online,0
202094,52186,Motor,639.16,310,2,7,1,Phone,0
202095,51711,Home,2779.1,1684,0,1,0,Online,0
202096,52187,Motor,1169.64,1440,2,5,0,Phone,0
202097,50623,Home,402.5,2440,1,4,0,Phone,1
202098,52054,Home,3127.92,1116,1,6,1,Phone,0
202099,50501,Motor,1381.62,3101,0,3,1,Online,0
202100,53500,Travel,502.33,439,2,9,0,Online,0
202101,54601,Motor,4142.36,3110,0,8,0,Phone,1
202102,54763,Motor,1866.77,558,4,2,0,Online,0
202103,55888,Motor,2753.39,25,1,1,0,Broker,0
202104,55768,Home,4262.53,1090,0,1,0,Online,0
202105,50296,Motor,6391.6,1895,0,3,0,Broker,0
202106,51802,Motor,7752.33,2611,1,8,0,Phone,0
202107,52762,Home,1337.55,758,0,3,0,Phone,0
202108,50233,Home,2428.71,3196,2,4,0,Online,0
202109,50621,Motor,10162.76,3449,1,6,0,Online,0
202110,52103,Home,5874.1,3114,0,4,0,Online,0
202111,54594,Home,1586.01,3255,1,5,0,Phone,0
202112,52154,Home,1770.42,3538,0,4,1,Online,0
202113,51563,Motor,5345.83,1321,3,1,1,Phone,0
202114,55314,Home,454.86,2381,1,5,0,Online,0
202115,55466,Home,3600.71,36,1,1,1,Phone,1
202116,50150,Motor,2445.7,3203,3,12,1,Phone,0
202117,53932,Motor,3550.75,2346,0,5,0,Online,0
202118,53002,Home,4047.77,1495,0,7,0,Online,1
202119,55250,Home,5719.61,904,1,6,0,Phone,0
202120,53245,Home,73.8,1557,0,3,0,Online,0
202121,52205,Motor,3963.62,1282,0,5,1,Online,0
202122,50067,Motor,4572.06,1000,2,10,0,Online,0
202123,53686,Motor,2441.29,3047,4,4,0,Phone,1
202124,50555,Motor,1565.61,655,0,4,0,Phone,0
202125,55449,Motor,2540.11,3080,2,3,0,Online,0
202126,52218,Motor,1869.84,2198,1,3,0,Online,1
202127,52550,Home,1772.65,3391,0,3,1,Online,0
202128,50279,Travel,1479.94,2969,1,4,1,Broker,1
202129,54106,Home,1396.33,2198,1,3,0,Online,1
202130,53618,Motor,1039.26,313,2,1,1,Phone,0
202131,50729,Travel,6117.57,150,2,4,1,Online,1
202132,55558,Home,3367.62,1422,2,7,0,Online,1
202133,51246,Travel,1943.47,1363,1,6,0,Phone,0
202134,55641,Motor,2929.99,1415,1,6,1,Online,0
202135,55950,Motor,8911.95,2012,1,1,0,Phone,0
202136,54941,Travel,600.0,2852,0,6,0,Phone,0
202137,52409,Motor,2299.55,2303,1,3,1,Online,0
202138,51383,Travel,1976.06,3272,0,3,0,Phone,0
202139,50897,Motor,2477.82,2361,1,1,1,Online,0
202140,53857,Home,3793.13,1631,0,5,0,Phone,0
202141,52114,Motor,5924.71,1058,3,2,0,Broker,0
202142,50102,Motor,1700.54,2962,2,4,0,Online,0
202143,51654,Motor,1532.35,176,1,2,0,Online,0
202144,51431,Motor,2938.86,1005,1,9,0,Broker,0
202145,51746,Motor,693.61,3264,1,2,0,Online,1
202146,55452,Motor,1325.43,2757,2,2,0,Online,0
202147,52249,Home,4611.14,439,1,6,0,Online,0
202148,54996,Travel,933.53,1102,1,1,1,Phone,0
202149,54082,Motor,6643.47,1599,0,2,1,Online,0
202150,51047,Motor,1137.54,3610,1,2,0,Online,0
202151,52866,Motor,1650.99,941,0,4,0,Broker,0
202152,51295,Motor,4673.2,2985,1,2,0,Phone,0
202153,51796,Motor,2902.0,1909,1,2,0,Phone,0
202154,51949,Motor,1336.2,2882,0,1,1,Broker,0
202155,51270,Motor,1715.63,2915,0,4,1,Phone,0
202156,54137,Motor,1298.6,2900,2,1,1,Phone,1
202157,55174,Motor,3357.35,2945,0,1,0,Online,0
202158,50949,Motor,5489.75,466,0,1,0,Online,0
202159,51445,Motor,2456.12,1066,0,2,0,Online,0
202160,52660,Travel,8689.16,2505,0,5,0,Broker,1
202161,50433,Home,942.82,3632,2,5,0,Online,1
202162,52470,Travel,10306.29,1737,2,1,1,Broker,0
202163,51812,Home,4196.46,1316,1,3,1,Online,0
202164,52659,Motor,3005.92,13,0,7,0,Phone,0
202165,50557,Motor,898.27,3190,1,3,0,Online,0
202166,50430,Motor,2044.9,188,3,0,1,Broker,0
202167,53291,Motor,2871.75,770,2,4,0,Online,0
202168,54679,Motor,2872.49,514,0,2,0,Online,1
202169,55939,Home,6690.5,1663,0,3,0,Broker,0
202170,53915,Motor,3423.21,3183,1,3,0,Online,0
202171,52901,Motor,3168.22,2421,3,9,0,Online,1
202172,55459,Motor,3911.23,2864,3,8,0,Phone,0
202173,52471,Motor,492.84,2609,1,3,1,Online,0
202174,54278,Home,2308.88,1930,0,6,0,Online,0
202175,53355,Home,2180.44,3452,0,1,0,Phone,0
202176,52915,Travel,1189.37,369,0,4,1,Online,0
202177,55887,Home,3609.43,2582,2,3,0,Phone,0
202178,55250,Motor,8106.46,892,0,3,0,Broker,0
202179,53525,Travel,2780.56,182,0,3,0,Phone,0
202180,53895,Motor,5049.18,32,0,1,1,Online,1
202181,53844,Home,1566.1,1904,1,7,0,Phone,0
202182,52934,Motor,1231.26,2488,3,8,0,Online,0
202183,52926,Motor,1675.48,128,0,1,1,Broker,0
202184,50639,Home,4737.05,215,2,1,1,Online,0
202185,54066,Travel,1833.57,877,0,3,0,Online,0
202186,54726,Home,4456.85,2616,2,1,0,Online,0
202187,55720,Motor,1580.58,3088,1,2,0,Online,0
202188,53575,Motor,4910.85,818,0,2,0,Online,0
202189,55019,Home,921.1,500,1,5,1,Broker,0
202190,50919,Home,1791.5,2692,1,2,0,Online,0
202191,50260,Travel,662.31,2608,1,5,1,Phone,0
202192,52111,Home,1042.88,2933,0,4,0,Online,0
202193,55401,Home,3440.4,2273,3,4,0,Online,0
202194,50226,Motor,1342.09,3022,1,3,0,Online,1
202195,54479,Motor,2147.06,2723,1,3,0,Phone,0
202196,55651,Home,813.31,3252,3,4,1,Phone,0
202197,51044,Home,3429.66,3035,1,1,1,Phone,0
202198,50397,Motor,4608.18,2699,0,4,0,Online,0
202199,51546,Travel,3643.33,3562,1,5,0,Phone,0
202200,50489,Motor,3058.5,1376,0,2,0,Online,0
202201,51388,Motor,3720.12,1242,0,3,0,Broker,0
202202,50025,Home,216.14,911,1,1,1,Phone,0
202203,54562,Motor,4769.73,1969,1,5,0,Phone,0
202204,50935,Home,5023.27,806,0,4,0,Phone,0
202205,50353,Motor,1975.37,2131,0,3,1,Phone,0
202206,50424,Motor,1266.02,2315,2,4,0,Online,0
202207,54503,Travel,1862.82,2751,1,6,0,Phone,0
202208,50153,Home,553.34,11,1,5,0,Broker,0
202209,52083,Motor,2872.25,503,2,7,0,Online,0
202210,52101,Motor,3268.41,3573,1,7,0,Online,1
202211,52086,Travel,5484.43,1673,1,3,1,Phone,1
202212,55048,Motor,4190.66,3326,3,2,1,Online,0
202213,52384,Motor,2688.6,3111,0,8,0,Online,0
202214,54779,Travel,800.38,1537,1,3,0,Online,1
202215,51273,Motor,2011.69,1806,0,4,1,Broker,0
202216,50338,Motor,725.13,772,0,1,1,Broker,0
202217,53061,Home,3669.39,3005,5,4,0,Broker,0
202218,52211,Home,2629.08,1348,0,5,0,Online,1
202219,54189,Motor,728.09,403,0,5,1,Online,0
202220,50935,Motor,764.34,2064,0,4,0,Broker,0
202221,50219,Motor,1515.26,2828,1,1,0,Phone,0
202222,55559,Motor,6346.56,3302,1,3,0,Broker,1
202223,52897,Motor,4235.64,2222,1,1,0,Phone,1
202224,54344,Motor,2659.72,2484,1,3,1,Online,0
202225,50245,Home,2542.13,3072,0,4,0,Online,1
202226,52225,Home,5241.18,582,0,8,1,Phone,1
202227,51445,Home,2958.46,2970,3,4,1,Phone,0
202228,55774,Motor,376.19,1829,1,8,0,Online,0
202229,54364,Motor,5580.63,2077,1,7,1,Phone,1
202230,54522,Home,2099.74,2443,2,2,0,Broker,0
202231,54222,Motor,2876.77,2041,1,3,1,Online,1
202232,55056,Home,5421.95,3447,3,7,1,Online,0
202233,55398,Home,1062.23,2310,1,2,0,Phone,0
202234,55295,Motor,2570.66,1468,0,4,0,Broker,1
202235,54441,Motor,2756.55,3198,1,1,0,Phone,1
202236,51520,Home,1641.26,2926,1,7,1,Online,0
202237,54960,Motor,3732.75,843,1,3,0,Online,1
202238,52350,Home,3188.19,2989,1,6,0,Broker,1
202239,50099,Motor,1746.74,2263,0,6,0,Online,0
202240,52298,Motor,3308.46,492,1,5,0,Phone,1
202241,53684,Travel,2873.42,529,0,3,0,Online,1
202242,50827,Travel,2396.09,3130,1,1,1,Broker,1
202243,55786,Home,1976.64,888,0,3,0,Online,0
202244,53929,Home,1182.61,2825,0,2,0,Phone,0
202245,54504,Motor,1688.69,1417,4,6,0,Online,1
202246,55590,Travel,2406.1,1911,1,3,0,Online,1
202247,55842,Home,1986.64,3030,0,2,1,Broker,0
202248,53698,Motor,2616.97,1623,1,5,1,Online,0
202249,51666,Home,341.83,1770,3,4,0,Phone,0
202250,50645,Motor,2702.04,1263,1,1,0,Phone,0
202251,54449,Home,6317.49,508,1,4,0,Broker,0
202252,50805,Travel,5806.23,3063,0,3,0,Phone,1
202253,50379,Home,5016.39,1111,1,4,0,Online,1
202254,55618,Travel,5148.71,396,0,4,0,Online,0
202255,54288,Home,2107.36,2194,1,3,0,Phone,0
202256,54245,Motor,1123.89,1415,0,4,0,Broker,0
202257,53717,Home,4778.08,3528,2,4,0,Online,0
202258,51315,Home,3190.03,433,2,4,1,Phone,0
202259,55779,Home,3060.75,2512,1,5,1,Broker,0
202260,50926,Travel,2796.06,3100,0,3,0,Phone,1
202261,51032,Home,6475.62,1057,0,7,1,Online,0
202262,54717,Home,248.28,1230,3,9,0,Phone,0
202263,55037,Home,1944.73,2432,1,5,1,Online,0
202264,54083,Motor,453.62,456,1,5,1,Online,0
202265,51157,Home,1331.28,1666,3,2,0,Phone,0
202266,54539,Motor,3328.58,2877,4,3,1,Online,0
202267,51050,Motor,1582.53,2204,0,6,1,Online,1
202268,51970,Home,2602.37,2814,0,2,0,Online,1
202269,52966,Motor,2477.9,377,1,5,1,Broker,0
202270,54503,Travel,1340.21,2971,0,4,0,Online,0
202271,52997,Travel,2452.5,1808,1,5,0,Online,0
202272,53081,Motor,2220.96,967,0,4,0,Online,1
202273,54652,Home,1619.25,637,0,6,1,Broker,0
202274,54398,Travel,3546.16,503,0,4,0,Online,0
202275,55298,Motor,4540.2,551,1,4,0,Broker,0
202276,51770,Motor,5492.77,2845,1,8,1,Online,0
202277,50600,Motor,3169.56,1750,1,3,0,Phone,0
202278,55410,Motor,1771.55,1916,1,2,1,Online,0
202279,51521,Travel,5235.68,1728,0,2,0,Online,1
202280,50586,Motor,8768.89,595,0,3,0,Online,0
202281,50075,Motor,561.77,2400,0,5,0,Phone,0
202282,53660,Motor,1729.9,2990,1,0,0,Online,0
202283,50071,Motor,3000.81,2345,1,5,1,Online,0
202284,54493,Travel,1950.7,758,0,4,0,Online,1
202285,55269,Motor,997.54,629,0,4,0,Online,0
202286,53170,Motor,4687.62,1247,3,11,0,Phone,1
202287,50538,Home,4748.49,379,1,7,0,Phone,0
202288,53143,Home,1092.86,659,0,3,1,Online,0
202289,50331,Motor,2456.41,166,1,4,0,Broker,0
202290,50281,Motor,3723.27,2996,1,7,0,Online,0
202291,54247,Motor,6926.5,1777,2,4,0,Online,1
202292,54591,Home,3250.73,1991,1,7,1,Phone,0
202293,55395,Motor,5162.38,154,5,4,0,Online,1
202294,52952,Motor,1909.74,3103,1,6,0,Phone,0
202295,54570,Home,3545.2,2818,1,3,1,Phone,0
202296,52606,Motor,4092.27,1224,1,2,0,Phone,0
202297,50802,Home,1135.02,1412,0,4,1,Online,0
202298,53431,Travel,3750.2,3599,0,5,1,Broker,0
202299,53256,Motor,735.02,596,3,7,0,Online,0
202300,54965,Motor,3886.1,880,0,1,1,Online,0
202301,50891,Motor,1352.28,3392,1,5,1,Phone,0
202302,55622,Home,1468.25,2273,0,2,1,Broker,0
202303,54217,Home,5579.67,49,1,1,0,Phone,0
202304,53397,Home,3373.15,1435,1,2,0,Phone,0
202305,52990,Motor,6390.04,3555,3,5,1,Phone,0
202306,53754,Motor,3026.29,937,0,0,0,Broker,0
202307,52140,Home,1086.3,672,0,5,1,Online,0
202308,52581,Home,1713.07,1295,2,7,0,Online,0
202309,52970,Home,1412.36,29,2,1,0,Phone,0
202310,50731,Travel,1897.31,1474,2,4,1,Online,0
202311,52498,Travel,1280.88,2066,1,4,1,Online,0
202312,55938,Travel,5298.67,2121,2,4,1,Phone,1
202313,53898,Home,3542.17,188,0,4,0,Online,0
202314,51317,Motor,1633.87,911,0,1,0,Phone,0
202315,52103,Motor,1540.91,4,2,9,1,Online,0
202316,51305,Motor,3060.75,2783,1,1,0,Phone,0
202317,50847,Home,3866.42,2066,1,5,0,Phone,0
202318,52419,Home,1312.96,1616,3,3,0,Online,0
202319,54919,Home,2430.99,853,2,2,1,Phone,1
202320,51602,Home,1331.07,2380,1,6,0,Broker,0
202321,51476,Home,4352.17,1376,2,3,1,Online,0
202322,51599,Motor,3056.32,3445,0,3,0,Online,0
202323,54009,Home,6507.3,75,1,6,0,Broker,0
202324,55838,Home,2652.62,501,0,6,0,Phone,1
202325,50197,Home,2092.51,1516,0,2,1,Broker,0
202326,52124,Travel,3686.67,2928,1,7,0,Broker,0
202327,52178,Motor,2515.99,1987,0,2,0,Phone,0
202328,54071,Motor,1889.73,7,1,5,0,Online,0
202329,52474,Motor,874.18,1351,3,1,0,Online,0
202330,54275,Travel,4486.25,741,4,0,0,Online,0
202331,52251,Motor,1481.44,3010,0,4,0,Online,0
202332,51090,Home,5801.03,545,0,2,0,Online,0
202333,52962,Home,2953.53,1878,1,5,0,Phone,1
202334,54865,Motor,7826.86,2179,1,4,0,Phone,0
202335,52057,Motor,1482.54,1462,1,3,0,Online,0
202336,50429,Home,922.37,1429,1,4,0,Broker,1
202337,52938,Home,2724.27,3142,1,1,0,Online,0
202338,54957,Home,1216.34,2358,3,5,0,Phone,0
202339,52469,Motor,976.7,1912,0,1,0,Online,0
202340,51371,Motor,3093.06,2037,2,4,0,Online,1
202341,55292,Motor,4397.67,829,1,4,1,Phone,1
202342,50657,Motor,2740.11,930,0,3,0,Online,0
202343,54722,Travel,1146.49,575,1,6,0,Phone,0
202344,50758,Motor,1799.17,422,0,4,0,Online,0
202345,50144,Motor,2500.19,432,3,8,0,Phone,0
202346,50867,Home,1918.35,3277,2,3,1,Online,0
202347,54250,Motor,394.54,1794,0,4,1,Phone,0
202348,53104,Motor,3274.47,1729,0,4,0,Phone,0
202349,55426,Home,1707.25,1811,0,7,1,Online,0
202350,53494,Home,3954.4,880,4,2,0,Online,0
202351,52583,Home,1952.27,2994,2,6,1,Online,0
202352,50014,Home,1834.78,612,2,3,0,Online,1
202353,50792,Motor,4667.91,2612,0,5,1,Online,0
202354,53789,Motor,3876.29,2335,1,3,0,Online,0
202355,54102,Motor,193.5,1795,0,7,0,Broker,0
202356,53562,Motor,3179.51,657,4,6,1,Phone,0
202357,53185,Motor,4432.27,986,1,6,0,Phone,0
202358,55125,Motor,909.75,1797,3,3,0,Online,0
202359,52432,Home,2342.52,2116,1,8,0,Online,0
202360,54163,Motor,1273.49,1623,1,5,0,Phone,0
202361,50451,Motor,5301.78,2567,1,2,0,Broker,1
202362,55904,Home,2752.77,632,2,1,0,Online,1
202363,52515,Home,1614.12,940,2,6,0,Online,0
202364,52491,Home,2762.61,1963,3,1,0,Online,0
202365,53772,Motor,2849.25,2139,1,5,0,Phone,1
202366,50775,Home,1607.66,2843,1,4,0,Broker,1
202367,50001,Motor,4130.05,3446,1,2,0,Online,0
202368,55196,Home,399.46,1795,1,4,0,Broker,0
202369,55129,Home,4682.01,544,2,4,1,Online,0
202370,55857,Travel,6528.74,688,0,3,0,Online,0
202371,51165,Motor,2201.31,3629,2,5,0,Online,0
202372,50084,Home,2603.51,3504,1,3,0,Phone,0
202373,50642,Motor,2705.28,1306,1,3,0,Online,1
202374,53245,Motor,382.66,3134,2,4,1,Phone,0
202375,54280,Home,6883.04,3582,0,4,0,Online,0
202376,52953,Home,3945.75,994,1,6,1,Phone,0
202377,53140,Motor,812.41,1701,1,4,0,Phone,0
202378,53876,Home,759.17,399,1,7,0,Online,1
202379,55193,Travel,1890.79,874,0,6,0,Online,0
202380,51032,Home,1670.27,1698,1,3,1,Broker,0
202381,50943,Motor,579.03,200,1,3,0,Phone,0
202382,52866,Home,712.23,1866,2,8,0,Online,0
202383,52612,Motor,3269.77,534,0,4,1,Phone,0
202384,51724,Home,2652.53,2392,1,3,0,Online,0
202385,55388,Motor,3411.4,1475,1,3,1,Online,0
202386,55777,Travel,1637.29,51,0,6,0,Phone,1
202387,54347,Motor,1653.23,2347,1,4,0,Online,0
202388,51602,Home,1184.12,572,0,3,1,Online,0
202389,50132,Travel,1425.81,917,3,6,0,Online,0
202390,52922,Motor,2148.45,2834,1,5,0,Online,0
202391,51417,Home,2368.39,686,0,1,1,Online,0
202392,51601,Home,2907.72,275,1,8,0,Online,0
202393,51340,Motor,434.61,2971,0,4,0,Online,0
202394,55987,Home,2387.86,3642,0,1,1,Phone,0
202395,50364,Travel,2372.41,3107,1,4,0,Phone,0
202396,51188,Home,2107.51,1792,1,4,0,Phone,0
202397,51203,Motor,998.41,1168,1,4,0,Online,0
202398,52140,Home,6639.34,1834,0,1,1,Phone,0
202399,54446,Home,4215.74,143,1,4,0,Online,0
202400,53492,Motor,1149.5,647,0,6,1,Phone,0
202401,53910,Home,535.52,1862,2,6,1,Online,0
202402,53040,Motor,2276.06,920,1,4,0,Online,1
202403,54957,Travel,3397.24,2525,3,4,0,Online,1
202404,52200,Motor,2496.05,122,2,8,0,Online,1
202405,54931,Motor,729.17,1672,0,6,0,Phone,0
202406,55936,Motor,789.91,2696,1,4,0,Phone,0
202407,52317,Motor,823.22,3467,0,4,0,Online,0
202408,55852,Home,3682.06,3559,0,8,1,Online,1
202409,52842,Motor,1042.53,3278,3,1,0,Online,0
202410,54812,Home,2699.42,2923,2,1,0,Online,0
202411,53671,Motor,1775.14,1974,0,6,0,Online,0
202412,54729,Motor,1327.84,3141,1,2,1,Online,0
202413,54285,Home,633.4,1858,1,2,0,Online,0
202414,54410,Motor,3768.05,2954,1,5,1,Broker,0
202415,51788,Travel,402.26,3273,3,4,0,Phone,1
202416,54136,Motor,4799.84,1260,0,5,0,Phone,1
202417,51929,Home,489.39,2021,0,2,1,Online,0
202418,55369,Home,2582.48,3533,1,5,1,Phone,0
202419,52148,Motor,236.72,1072,1,3,0,Broker,1
202420,53271,Home,2899.86,2823,0,8,0,Phone,0
202421,51079,Home,258.73,3357,0,2,0,Online,0
202422,52078,Travel,3635.04,2357,1,6,0,Online,0
202423,50162,Motor,9040.83,3310,1,4,1,Broker,0
202424,54434,Home,877.77,482,0,3,0,Phone,0
202425,54812,Home,80.72,3356,2,2,0,Online,0
202426,52635,Home,1171.56,2884,1,7,0,Online,0
202427,54244,Motor,2202.23,76,2,3,0,Phone,0
202428,53730,Motor,1410.38,2521,2,4,0,Online,0
202429,52417,Travel,159.08,1519,1,4,0,Online,0
202430,53651,Home,1735.17,925,2,6,0,Broker,0
202431,50246,Motor,4681.1,3355,1,3,1,Online,0
202432,54510,Motor,1286.56,1341,3,2,0,Broker,0
202433,51467,Motor,1505.98,3627,0,5,0,Online,0
202434,50480,Home,3243.99,1065,0,5,0,Broker,0
202435,54511,Motor,2465.65,2260,1,2,0,Online,1
202436,50875,Motor,5530.32,606,0,4,0,Online,0
202437,51412,Home,903.66,1591,1,8,0,Online,0
202438,54378,Motor,3810.15,1854,1,7,1,Online,1
202439,52116,Motor,1313.47,1111,1,3,0,Online,0
202440,54654,Home,2689.68,774,2,5,0,Online,1
202441,54426,Motor,1074.4,3628,2,5,1,Broker,0
202442,55616,Motor,2614.89,434,0,6,0,Online,0
202443,52798,Motor,1361.8,2116,0,3,1,Online,1
202444,51012,Motor,2095.6,803,2,3,0,Online,0
202445,51078,Home,594.85,1340,1,1,0,Online,1
202446,52608,Home,3008.72,278,0,2,0,Online,0
202447,50491,Home,2497.74,2624,0,2,1,Broker,0
202448,52489,Motor,3771.43,3361,1,6,1,Broker,0
202449,55523,Motor,2705.89,443,1,2,1,Online,0
202450,50622,Travel,2084.72,1016,1,6,0,Phone,1
202451,53602,Motor,819.8,739,1,6,0,Phone,0
202452,50839,Motor,1050.41,1001,0,2,0,Online,0
202453,54670,Home,212.55,1516,1,4,0,Online,0
202454,53857,Motor,6690.96,1236,0,2,0,Broker,0
202455,51411,Home,2280.9,2779,2,6,1,Online,0
202456,50983,Motor,2551.93,1338,5,4,0,Broker,0
202457,53059,Motor,2075.82,2998,0,4,0,Broker,0
202458,53064,Motor,1278.57,3440,2,4,0,Online,0
202459,54125,Home,1756.77,2515,4,4,0,Phone,0
202460,54909,Home,1929.35,320,1,2,1,Phone,0
202461,54068,Travel,794.94,2908,2,4,0,Online,0
202462,50467,Home,1438.95,3216,0,2,0,Online,0
202463,52814,Home,2122.03,3588,0,3,0,Online,1
202464,55042,Motor,3824.18,2532,2,3,0,Online,0
202465,53383,Home,1503.26,1605,1,5,0,Phone,0
202466,53805,Home,1155.13,395,1,4,0,Online,0
202467,53445,Motor,7055.28,1016,0,3,0,Online,0
202468,54102,Motor,1554.45,3482,1,2,1,Broker,0
202469,55533,Motor,303.66,2876,1,5,1,Online,0
202470,54041,Motor,2149.07,617,0,4,0,Phone,0
202471,54840,Motor,1939.8,1398,2,6,0,Phone,0
202472,53155,Motor,940.16,2051,1,3,1,Online,0
202473,51126,Motor,2507.55,1453,2,4,0,Phone,0
202474,53122,Motor,1556.01,237,0,7,0,Online,0
202475,53452,Home,2510.05,2021,0,7,0,Online,0
202476,50076,Motor,2216.9,827,1,4,1,Online,0
202477,53128,Motor,2653.16,2458,3,1,0,Broker,0
202478,55231,Motor,267.06,2298,1,4,0,Online,0
202479,55048,Motor,1023.67,1930,3,4,0,Online,1
202480,52054,Home,2866.77,1038,1,4,0,Online,0
202481,52009,Motor,4800.67,1256,1,1,0,Online,0
202482,55204,Home,3965.42,1246,0,6,0,Broker,0
202483,53137,Motor,3602.78,193,2,5,0,Online,0
202484,55491,Travel,2866.97,602,0,6,1,Online,0
202485,55516,Home,5619.32,1741,2,3,0,Phone,0
202486,55979,Home,2077.89,2311,0,2,0,Phone,1
202487,54399,Motor,525.41,1536,0,0,0,Phone,0
202488,50230,Home,1043.08,134,2,5,0,Online,0
202489,50101,Motor,6588.52,1008,1,5,0,Broker,0
202490,52820,Motor,2131.83,813,0,3,0,Phone,0
202491,53337,Motor,4172.32,3313,2,7,0,Broker,0
202492,51892,Motor,6932.4,2796,2,4,0,Phone,0
202493,54425,Home,2208.09,1240,1,5,0,Broker,0
202494,52590,Home,1186.13,2653,2,3,0,Online,0
202495,55093,Home,3521.89,3621,2,4,0,Phone,0
202496,50583,Motor,4061.55,488,1,11,0,Online,0
202497,53699,Travel,840.47,3011,2,2,1,Online,1
202498,50089,Home,5913.44,2151,0,5,0,Broker,0
202499,54826,Home,4174.82,404,0,2,1,Phone,0
202500,52688,Home,1551.8,221,1,4,0,Online,0
202501,55407,Motor,2710.64,1623,2,2,0,Broker,0
202502,51881,Home,2870.23,864,1,2,0,Online,0
202503,53586,Motor,2461.07,3153,2,4,1,Broker,0
202504,54160,Home,2697.44,1567,0,5,1,Broker,0
202505,54950,Motor,3530.36,390,2,10,0,Online,0
202506,55363,Home,5537.7,1765,1,5,0,Online,0
202507,51634,Home,3880.05,3531,0,4,0,Online,1
202508,53761,Home,6409.99,885,1,2,0,Phone,0
202509,52725,Home,283.13,182,1,7,0,Phone,0
202510,55858,Motor,1784.25,1233,1,2,1,Online,0
202511,54566,Motor,2485.57,1597,2,2,0,Phone,0
202512,55665,Motor,2392.82,2771,1,4,0,Broker,0
202513,53268,Travel,3707.72,2367,3,4,1,Online,0
202514,51024,Motor,3744.35,626,2,3,0,Phone,0
202515,53768,Motor,1798.07,2764,0,3,0,Phone,0
202516,53514,Home,424.13,1116,2,9,0,Online,0
202517,53773,Motor,1922.63,506,1,5,0,Broker,0
202518,54461,Motor,1116.4,551,1,7,0,Online,0
202519,53116,Home,3278.97,1155,2,4,0,Online,1
202520,52636,Motor,1874.08,2640,2,2,0,Online,0
202521,54582,Travel,1179.48,2864,0,2,0,Phone,0
202522,53192,Motor,5891.93,2801,0,6,0,Broker,0
202523,54373,Travel,3591.62,3537,1,8,0,Online,0
202524,55312,Motor,552.25,1415,1,0,0,Online,0
202525,55323,Home,2729.8,2686,3,3,0,Broker,1
202526,53491,Motor,2670.33,2409,2,7,0,Phone,0
202527,53667,Home,602.32,3170,0,2,1,Phone,0
202528,55174,Motor,2634.45,3616,3,7,0,Phone,0
202529,50285,Motor,6253.43,3527,0,2,0,Phone,1
202530,54037,Travel,3185.4,3111,1,3,1,Phone,0
202531,50439,Motor,2991.47,1350,1,3,1,Broker,0
202532,53427,Motor,1533.26,2984,1,3,0,Phone,1
202533,50470,Home,1585.88,138,1,3,1,Online,0
202534,50873,Motor,3051.45,1662,3,5,1,Phone,0
202535,53440,Home,1374.07,1301,1,1,1,Online,0
202536,53577,Motor,1542.37,558,1,5,1,Phone,0
202537,51470,Motor,366.23,3363,0,5,0,Online,0
202538,50403,Home,1565.17,335,1,3,1,Online,0
202539,54323,Home,6637.54,1247,0,3,0,Phone,0
202540,51953,Motor,5490.31,1008,0,7,0,Online,0
202541,50575,Motor,2062.2,1168,1,8,1,Phone,0
202542,54736,Motor,1729.27,500,0,4,0,Broker,1
202543,52499,Home,1622.25,690,0,4,1,Online,0
202544,50286,Home,5017.23,1782,2,4,0,Online,0
202545,50515,Motor,1633.58,1775,0,9,0,Phone,1
202546,54628,Home,2504.6,3104,0,2,0,Broker,0
202547,54651,Travel,3536.51,3414,0,3,0,Online,0
202548,55581,Home,649.46,2202,0,5,0,Phone,1
202549,51181,Motor,1468.66,2735,1,3,0,Phone,0
202550,50972,Home,1274.78,1928,0,4,1,Broker,0
202551,53335,Motor,3437.19,3445,0,6,0,Phone,1
202552,51807,Home,5349.09,2866,2,2,1,Phone,0
202553,51917,Motor,3714.81,2153,0,7,0,Phone,0
202554,55980,Home,3037.31,592,1,6,0,Phone,1
202555,53356,Home,1520.96,1059,1,9,0,Broker,0
202556,50303,Home,5097.33,771,1,2,0,Online,0
202557,52771,Motor,2257.92,2915,2,6,0,Broker,0
202558,50198,Motor,2101.17,116,0,5,0,Broker,0
202559,54371,Home,3994.77,1786,3,6,1,Phone,0
202560,51011,Motor,2528.06,682,2,4,0,Phone,0
202561,52569,Motor,3996.21,3431,0,6,1,Phone,0
202562,50572,Motor,4372.49,736,1,5,1,Online,1
202563,50386,Motor,1064.86,3256,0,4,0,Phone,0
202564,53790,Home,3912.84,1862,4,3,1,Broker,1
202565,50395,Motor,3312.76,126,3,6,0,Broker,0
202566,51104,Home,137.44,3355,1,4,0,Phone,0
202567,52405,Home,1991.43,1289,0,6,1,Phone,0
202568,52294,Home,4976.46,1736,4,6,1,Phone,0
202569,54006,Motor,2445.9,344,2,4,0,Broker,0
202570,51723,Travel,2336.7,1851,0,3,1,Broker,0
202571,51297,Home,1156.66,1527,5,1,0,Online,0
202572,52386,Home,915.98,432,1,2,0,Online,0
202573,50805,Motor,8698.87,437,1,4,0,Online,0
202574,51092,Home,2193.91,3117,2,4,1,Online,0
202575,52078,Home,6599.62,2911,0,1,0,Online,0
202576,51178,Home,1895.7,3206,2,4,0,Phone,0
202577,53845,Motor,1594.61,3476,0,4,1,Online,0
202578,53196,Home,2316.02,802,3,2,0,Online,0
202579,50073,Motor,536.05,3123,3,2,1,Online,0
202580,51573,Motor,1188.61,2402,1,5,0,Online,0
202581,52862,Motor,11373.32,1835,0,3,0,Phone,0
202582,51169,Home,7348.97,2100,0,6,0,Online,1
202583,52759,Home,1008.79,2358,0,4,0,Online,0
202584,54204,Motor,3599.0,2429,4,2,0,Online,0
202585,54465,Motor,2002.81,885,3,6,0,Phone,0
202586,52966,Home,2951.83,1419,2,4,0,Phone,0
202587,53097,Home,701.86,1048,2,4,0,Online,0
202588,50178,Home,1446.54,140,0,4,1,Online,0
202589,51533,Motor,1087.31,46,0,3,0,Online,0
202590,54037,Motor,3082.21,2587,0,3,0,Online,0
202591,53902,Home,1946.98,1011,2,2,0,Online,0
202592,55685,Travel,3083.42,1951,2,2,0,Phone,0
202593,52561,Motor,4834.61,1313,1,4,0,Online,0
202594,54533,Travel,4897.29,1587,1,3,0,Broker,0
202595,50689,Travel,2801.88,1920,0,1,0,Online,0
202596,51682,Home,1085.55,1170,1,4,0,Online,0
202597,50220,Motor,1714.21,49,1,2,0,Phone,0
202598,50186,Home,3224.06,929,0,4,0,Phone,0
202599,54200,Travel,2703.73,1054,0,3,0,Phone,0
202600,52011,Home,1177.45,99,0,5,1,Online,1
202601,53719,Home,1487.76,2471,0,4,1,Online,0
202602,51176,Motor,5307.8,1898,3,10,0,Online,1
202603,55947,Motor,1453.98,3630,2,5,1,Online,0
202604,52479,Motor,1103.2,565,2,3,0,Phone,0
202605,52935,Motor,5065.69,3639,0,4,0,Phone,0
202606,55238,Motor,3313.02,1694,2,3,0,Phone,0
202607,51468,Home,3202.81,84,2,4,1,Phone,0
202608,53419,Travel,2177.58,2763,0,5,0,Online,0
202609,55383,Motor,899.55,2696,1,3,1,Broker,0
202610,51068,Travel,327.62,855,2,7,0,Broker,1
202611,52086,Travel,2558.12,34,1,2,0,Online,0
202612,51082,Travel,1496.39,1458,1,2,1,Online,0
202613,53593,Motor,599.69,3084,1,7,0,Online,0
202614,54720,Motor,2542.46,773,5,5,0,Online,0
202615,55451,Home,426.9,1100,1,1,0,Online,0
202616,52066,Home,516.81,1957,1,4,0,Online,0
202617,53532,Home,5445.59,1232,1,2,0,Online,0
202618,51203,Motor,1937.32,896,1,4,1,Phone,0
202619,53768,Motor,2546.86,1914,1,3,0,Phone,0
202620,52712,Motor,657.06,1390,1,7,1,Online,0
202621,50523,Home,1769.7,2252,0,2,1,Online,0
202622,51225,Motor,1340.3,504,1,5,0,Broker,0
202623,55475,Motor,546.44,2431,2,4,0,Phone,0
202624,50735,Travel,767.97,1738,1,4,0,Online,0
202625,51870,Home,3091.86,2079,1,2,1,Phone,1
202626,55094,Home,1084.84,2126,2,5,0,Online,0
202627,54573,Motor,1243.17,2819,3,4,0,Online,0
202628,52058,Home,655.23,459,0,5,1,Phone,0
202629,52956,Home,6352.43,3469,0,10,0,Online,0
202630,53504,Home,908.77,561,2,2,0,Phone,0
202631,52499,Home,2825.49,3012,1,5,0,Online,0
202632,51056,Travel,1476.78,1181,2,4,0,Phone,0
202633,51846,Travel,925.09,2557,0,2,0,Phone,0
202634,55575,Motor,3569.5,1034,1,6,0,Phone,0
202635,50723,Motor,6810.2,2820,0,1,0,Phone,0
202636,51792,Travel,3458.14,2465,2,6,0,Broker,0
202637,52874,Home,1048.42,3335,0,1,0,Online,0
202638,50469,Motor,3942.85,57,2,7,0,Phone,1
202639,50423,Home,4005.55,3133,0,3,0,Online,0
202640,50520,Home,1229.32,495,1,8,1,Online,0
202641,51519,Motor,1746.63,710,2,5,0,Broker,0
202642,52327,Travel,3223.72,3532,0,5,0,Online,0
202643,52138,Motor,5580.97,532,0,4,0,Online,0
202644,52391,Motor,3801.03,61,2,5,0,Phone,0
202645,53006,Travel,2962.37,2539,1,2,0,Broker,1
202646,53609,Motor,5556.97,3479,0,5,0,Online,0
202647,51461,Motor,1974.62,417,1,3,0,Online,0
202648,50727,Motor,2289.69,2057,1,2,1,Broker,0
202649,53321,Motor,917.98,485,2,4,1,Phone,1
202650,53679,Motor,1934.04,878,1,5,0,Online,0
202651,52274,Motor,2197.22,1967,0,2,0,Broker,0
202652,53904,Motor,207.94,1400,1,3,1,Phone,0
202653,50284,Motor,2329.36,3097,1,4,0,Phone,0
202654,55041,Motor,810.29,1783,2,3,1,Online,0
202655,51526,Travel,4682.27,3027,2,5,0,Online,0
202656,55268,Motor,3502.8,1570,0,3,0,Online,0
202657,55561,Home,3928.93,2951,2,2,0,Online,1
202658,55729,Motor,5581.38,1617,1,6,0,Online,0
202659,51206,Motor,1122.17,2734,0,7,0,Online,0
202660,55789,Motor,1843.21,2674,5,8,0,Online,1
202661,54834,Home,4957.74,3554,1,3,0,Online,0
202662,53971,Home,4302.1,3590,0,4,0,Online,0
202663,50415,Motor,3038.76,487,2,3,1,Online,0
202664,53349,Home,1777.02,1027,0,4,0,Broker,0
202665,50457,Motor,585.35,509,1,7,0,Online,1
202666,55382,Travel,1144.39,830,0,3,1,Broker,0
202667,55720,Home,2204.41,1000,3,2,0,Online,0
202668,50139,Motor,2875.03,384,2,3,0,Broker,0
202669,52028,Travel,1123.23,3088,0,6,0,Online,0
202670,52065,Home,2319.24,1124,3,5,0,Online,1
202671,51286,Motor,708.66,1499,1,0,0,Online,0
202672,50374,Motor,2175.99,2797,1,5,0,Online,0
202673,53281,Home,3227.37,2653,1,3,1,Online,0
202674,51155,Motor,1171.14,3511,0,7,0,Broker,0
202675,55477,Motor,3138.3,3596,3,1,0,Online,0
202676,50694,Motor,3170.21,1559,0,7,0,Broker,1
202677,52849,Motor,3291.43,2060,1,5,0,Online,0
202678,55402,Travel,3182.71,2842,1,6,1,Online,0
202679,50639,Home,9618.06,1387,2,4,0,Phone,0
202680,50923,Motor,718.22,1431,2,6,1,Phone,0
202681,55596,Motor,5028.27,2347,0,3,0,Broker,0
202682,51097,Travel,3874.77,1619,2,3,0,Online,0
202683,50784,Motor,1647.75,1689,4,4,0,Online,1
202684,52196,Travel,550.08,2311,0,1,1,Phone,0
202685,53313,Home,1867.21,2649,0,3,0,Online,0
202686,51180,Motor,2375.01,1622,2,4,0,Online,0
202687,52640,Motor,4173.64,787,2,6,1,Phone,1
202688,55029,Home,3023.44,1046,1,5,0,Online,0
202689,51647,Motor,2228.65,1298,2,5,0,Broker,0
202690,51229,Motor,1441.36,1664,0,2,0,Online,0
202691,55926,Motor,3849.14,3443,4,6,0,Online,0
202692,54483,Home,509.57,2358,4,4,1,Phone,0
202693,51428,Motor,1627.13,983,1,2,0,Phone,0
202694,55703,Travel,3637.17,2568,0,4,1,Online,0
202695,54339,Travel,5828.98,1335,1,1,0,Broker,0
202696,52219,Motor,3248.0,3089,0,5,0,Phone,0
202697,54867,Home,1601.14,118,4,5,1,Online,0
202698,55907,Travel,3850.34,1067,1,2,0,Broker,0
202699,54163,Motor,8110.9,1120,1,3,0,Phone,1
202700,52218,Home,2285.8,1138,0,2,1,Online,0
202701,51196,Home,2967.98,655,0,3,0,Online,0
202702,53995,Travel,950.45,226,1,2,0,Online,1
202703,52110,Motor,5223.12,1748,0,2,0,Phone,1
202704,55916,Travel,3735.42,715,1,2,1,Phone,1
202705,52661,Motor,3173.85,2140,2,2,0,Phone,0
202706,55399,Home,1666.65,1765,2,2,0,Online,0
202707,55360,Motor,820.72,3008,2,4,0,Phone,0
202708,54837,Motor,4669.27,996,1,6,1,Online,1
202709,50305,Motor,2828.77,2358,1,2,0,Online,0
202710,52186,Travel,2507.63,215,0,6,0,Online,0
202711,52205,Motor,3135.96,23,0,6,1,Online,0
202712,52998,Home,1805.07,1569,0,5,1,Broker,0
202713,54945,Motor,5780.33,2021,1,2,0,Phone,0
202714,55811,Travel,1047.67,3307,1,3,0,Phone,0
202715,54041,Motor,773.5,1006,1,3,1,Online,1
202716,52196,Motor,621.87,2989,1,6,0,Phone,0
202717,53592,Motor,4302.66,3193,2,2,0,Online,0
202718,55370,Travel,5002.11,316,4,6,1,Online,1
202719,50555,Motor,1551.08,582,1,6,1,Phone,0
202720,55360,Motor,4946.74,3192,2,6,0,Online,1
202721,51631,Home,2062.75,3320,1,4,0,Phone,0
202722,55177,Motor,1943.3,2563,0,4,1,Online,1
202723,51951,Home,2643.63,2339,1,4,0,Phone,0
202724,50774,Motor,686.68,415,1,2,0,Broker,1
202725,51980,Home,4525.11,1362,0,3,0,Phone,0
202726,52542,Travel,6075.06,2107,2,6,0,Online,0
202727,51361,Home,5857.98,3030,0,4,1,Online,1
202728,53534,Motor,1501.65,1312,2,4,1,Online,1
202729,53283,Motor,2420.98,2812,1,5,0,Phone,0
202730,54858,Home,994.28,2427,0,6,0,Online,0
202731,55821,Travel,3171.18,3261,1,9,0,Broker,0
202732,55719,Home,8504.84,2319,0,4,1,Phone,0
202733,51706,Home,3645.54,582,0,5,0,Online,0
202734,54405,Motor,2730.28,1048,1,2,0,Phone,0
202735,50908,Motor,4471.97,449,0,2,0,Phone,0
202736,53810,Motor,1074.42,163,0,6,0,Broker,0
202737,55241,Home,1856.87,3445,0,2,0,Online,0
202738,51617,Home,3311.28,1123,2,5,0,Online,0
202739,55875,Home,630.04,2464,1,3,0,Online,0
202740,50375,Home,1009.86,1174,2,1,0,Online,0
202741,51584,Home,4362.55,729,0,4,0,Online,0
202742,52983,Travel,2838.74,2358,0,4,0,Online,0
202743,51971,Travel,1309.8,854,0,5,1,Online,0
202744,54429,Motor,1819.51,2953,1,5,0,Online,0
202745,52209,Motor,2558.5,3325,1,5,1,Broker,0
202746,51186,Travel,3202.93,1223,3,5,1,Online,1
202747,52008,Travel,5838.71,2023,3,7,0,Phone,1
202748,54419,Motor,3421.43,3029,0,2,0,Online,0
202749,53595,Motor,4404.29,1448,6,5,0,Online,0
202750,51427,Motor,1485.7,1731,1,5,0,Phone,1
202751,54231,Motor,4712.22,1528,2,2,0,Online,0
202752,55451,Motor,6979.23,1650,3,5,1,Online,0
202753,51964,Home,5346.67,1269,0,3,0,Online,0
202754,51841,Motor,1040.06,2094,1,2,1,Phone,0
202755,52674,Home,3612.91,1740,0,3,0,Online,0
202756,51350,Motor,2547.48,705,0,5,1,Online,0
202757,55513,Motor,1829.75,2095,0,5,0,Online,1
202758,53752,Home,3867.47,831,3,1,1,Phone,0
202759,52636,Motor,1109.85,2350,3,4,1,Broker,0
202760,51365,Travel,580.1,207,0,5,0,Online,0
202761,54759,Travel,3146.28,518,1,4,0,Online,0
202762,53686,Home,3093.84,1166,3,4,0,Online,0
202763,52062,Motor,3386.01,3618,3,7,0,Phone,0
202764,51575,Home,1407.11,1840,0,4,1,Online,0
202765,50113,Travel,1920.16,2674,1,7,0,Broker,0
202766,51643,Home,2177.92,1134,3,3,0,Online,1
202767,55725,Home,1149.94,3398,1,4,1,Online,0
202768,52750,Motor,1009.49,1183,0,5,0,Phone,0
202769,54325,Home,4090.03,2107,1,1,0,Phone,0
202770,52002,Home,3364.36,2915,1,4,0,Online,0
202771,51847,Motor,1154.27,1086,2,4,0,Phone,0
202772,52644,Motor,3113.5,2483,0,6,1,Broker,1
202773,55203,Travel,3690.8,822,3,1,0,Broker,0
202774,53598,Motor,705.87,1946,1,5,1,Online,0
202775,52417,Home,4449.2,1628,2,5,0,Phone,0
202776,50928,Motor,2078.86,2591,3,3,0,Online,0
202777,52969,Home,1677.29,2452,0,8,0,Phone,0
202778,50551,Motor,316.13,2779,1,3,0,Online,0
202779,51445,Motor,4068.65,123,3,9,0,Online,0
202780,53463,Motor,3169.81,116,1,4,0,Online,0
202781,51807,Motor,5730.44,214,1,3,0,Online,0
202782,55336,Home,2429.42,3165,0,3,0,Phone,0
202783,53045,Motor,3920.81,2670,0,5,1,Online,0
202784,50488,Home,3161.7,2812,0,3,0,Online,0
202785,50126,Travel,655.84,1323,0,5,0,Phone,1
202786,54096,Home,797.2,2090,4,4,0,Phone,0
202787,54867,Motor,1831.68,1376,0,3,0,Phone,0
202788,51031,Motor,6653.36,1438,3,4,0,Online,0
202789,53533,Travel,3318.02,1418,0,3,0,Online,0
202790,52985,Home,2432.46,356,1,3,0,Online,0
202791,52484,Motor,563.77,3626,0,8,0,Online,0
202792,54489,Motor,1351.05,1850,3,3,0,Online,0
202793,53914,Home,3128.53,2048,5,4,0,Online,0
202794,53361,Home,1926.02,1501,1,3,1,Online,1
202795,51593,Home,1246.12,2580,2,3,0,Phone,0
202796,52902,Motor,2848.73,2219,0,3,0,Online,0
202797,55800,Motor,3519.18,2785,0,4,1,Phone,0
202798,53141,Motor,733.63,517,1,9,0,Online,0
202799,54900,Travel,1184.93,1864,2,5,1,Online,0
202800,53595,Motor,577.73,1725,2,2,0,Online,0
202801,51522,Motor,1918.23,1593,2,4,1,Online,0
202802,53707,Motor,1248.31,2195,0,7,0,Phone,0
202803,50994,Home,9797.98,3538,0,8,0,Phone,0
202804,55886,Home,1305.38,2718,2,4,0,Broker,0
202805,55879,Travel,3623.22,2519,0,4,0,Online,0
202806,50928,Home,3330.2,3215,0,3,0,Phone,0
202807,54839,Motor,3209.15,55,2,2,0,Online,0
202808,52531,Home,1064.63,3087,1,5,0,Phone,0
202809,55725,Home,2552.16,3411,0,3,0,Online,0
202810,50847,Travel,907.52,1942,0,2,0,Phone,0
202811,52913,Motor,1217.01,1333,1,4,0,Broker,0
202812,55465,Home,2578.67,1715,0,4,0,Phone,0
202813,55914,Home,2733.03,783,0,2,0,Phone,1
202814,55305,Motor,1678.55,1638,1,6,0,Phone,0
202815,54211,Travel,4830.77,2536,2,5,1,Online,0
202816,53931,Home,2372.46,160,0,5,0,Online,0
202817,50514,Home,5432.03,402,2,4,0,Online,1
202818,54064,Home,2039.32,1701,2,2,0,Phone,0
202819,52261,Home,6281.38,173,3,3,0,Broker,0
202820,51052,Motor,580.52,1650,4,5,1,Online,0
202821,53899,Motor,2220.76,1430,2,2,0,Broker,0
202822,54681,Motor,113.14,2809,0,6,1,Online,0
202823,50037,Motor,4382.96,586,2,3,0,Phone,0
202824,50328,Motor,11114.39,2059,0,5,0,Online,0
202825,50131,Home,2139.7,2497,0,7,0,Online,0
202826,54572,Travel,630.5,1251,1,4,1,Phone,0
202827,54659,Travel,4137.09,1884,1,3,0,Online,0
202828,54250,Travel,2724.82,1732,0,2,0,Online,0
202829,55257,Motor,2716.43,1165,1,3,1,Online,0
202830,54256,Home,986.18,1086,1,9,1,Online,0
202831,50956,Motor,4328.01,600,0,1,0,Online,0
202832,54717,Motor,4805.59,2922,0,4,0,Online,0
202833,50046,Motor,2407.34,1753,0,3,1,Online,0
202834,51578,Motor,2226.75,3622,3,7,1,Phone,0
202835,52618,Travel,2304.79,3330,1,3,0,Online,0
202836,55773,Motor,5644.27,602,2,2,0,Phone,1
202837,54367,Home,3251.92,2717,2,6,1,Phone,1
202838,54401,Motor,4905.07,506,1,4,0,Broker,0
202839,54777,Motor,3621.52,2987,1,3,1,Broker,0
202840,54326,Home,915.92,3258,0,6,1,Online,0
202841,54566,Motor,7450.34,1826,2,5,0,Online,0
202842,53936,Home,928.82,2632,0,3,0,Phone,0
202843,52670,Motor,967.02,2580,1,1,0,Phone,0
202844,52099,Home,2414.77,3011,2,3,1,Broker,0
202845,50112,Home,1487.14,2617,0,1,0,Online,1
202846,53747,Travel,1487.03,1326,2,3,1,Online,0
202847,53540,Motor,849.45,194,2,4,0,Broker,0
202848,55894,Motor,2875.12,1573,0,6,0,Online,1
202849,50222,Motor,3170.44,1162,1,7,1,Online,0
202850,55363,Motor,2805.4,3608,1,5,0,Online,1
202851,52091,Travel,2203.61,1138,0,6,1,Online,0
202852,51406,Home,3067.5,1743,1,6,0,Online,1
202853,50592,Travel,1629.77,981,3,2,0,Phone,1
202854,51407,Motor,2687.51,450,0,3,0,Broker,0
202855,53904,Travel,2244.08,1089,0,2,0,Broker,0
202856,52027,Home,983.48,1242,0,4,0,Broker,0
202857,55256,Motor,1576.02,781,1,5,1,Phone,1
202858,52403,Motor,2918.06,2638,0,2,0,Online,0
202859,53867,Travel,3504.19,2660,0,5,0,Online,0
202860,50143,Travel,2617.05,2309,1,3,0,Phone,0
202861,52127,Travel,435.89,2268,3,7,0,Online,0
202862,51317,Travel,1911.32,1550,2,6,0,Online,0
202863,50709,Motor,1601.82,92,0,4,1,Online,0
202864,54583,Home,3255.6,3311,0,5,0,Online,1
202865,54065,Home,1755.57,753,0,3,0,Online,0
202866,50082,Motor,4282.04,1812,3,1,0,Online,1
202867,55359,Motor,266.88,2028,0,4,0,Online,0
202868,53262,Motor,1610.28,2771,2,5,1,Online,0
202869,55551,Motor,754.15,3204,3,5,0,Online,1
202870,53396,Motor,3946.92,365,2,4,0,Online,0
202871,55346,Motor,5639.94,1600,1,3,0,Online,0
202872,50792,Motor,4751.61,910,2,1,0,Broker,0
202873,51680,Motor,1728.14,877,0,4,0,Online,0
202874,52064,Motor,2029.07,791,1,2,0,Online,0
202875,55391,Motor,5425.13,3399,0,5,0,Online,0
202876,51223,Home,619.97,2268,0,5,1,Online,0
202877,54219,Motor,251.61,2799,2,2,0,Phone,1
202878,50681,Travel,2864.01,211,1,6,0,Phone,1
202879,54644,Motor,3097.86,1583,0,6,0,Online,1
202880,55178,Travel,4111.18,3204,2,2,0,Online,0
202881,54608,Home,421.97,1260,1,3,1,Phone,0
202882,50044,Travel,1541.96,3240,4,3,0,Phone,0
202883,51738,Motor,4233.88,3395,0,3,0,Phone,0
202884,52564,Motor,158.0,3032,2,5,0,Phone,0
202885,51353,Home,1024.47,2155,0,3,1,Online,0
202886,52252,Motor,3648.38,3602,1,2,0,Online,0
202887,51631,Travel,1805.85,2558,1,3,0,Online,0
202888,53151,Home,1709.4,284,0,3,0,Phone,0
202889,53149,Motor,5273.02,1008,0,2,0,Online,0
202890,50424,Travel,4141.89,2007,2,7,1,Phone,0
202891,50179,Travel,3589.51,1670,0,4,0,Online,0
202892,53422,Home,4238.62,1323,2,7,0,Online,0
202893,51450,Travel,428.08,3255,1,0,0,Online,1
202894,54230,Travel,2334.95,1469,2,3,0,Online,0
202895,51585,Home,2717.0,3348,1,3,0,Online,0
202896,55299,Travel,803.93,2442,1,3,1,Online,1
202897,55953,Travel,2996.62,250,2,1,0,Online,0
202898,55239,Travel,330.81,3586,0,7,1,Broker,0
202899,53591,Home,2078.78,1680,1,4,1,Broker,0
202900,51441,Motor,4555.09,3490,0,4,0,Online,0
202901,51513,Motor,3665.15,771,2,2,0,Online,0
202902,53392,Home,1885.47,497,1,11,0,Broker,0
202903,51624,Home,5086.73,2989,0,4,1,Online,0
202904,50119,Travel,1661.67,2952,0,5,0,Phone,0
202905,52221,Home,2624.31,228,2,4,0,Phone,0
202906,55689,Home,5132.45,2783,0,5,0,Phone,0
202907,55615,Motor,3163.38,2354,0,3,1,Online,1
202908,51420,Home,660.67,788,1,1,0,Phone,0
202909,52878,Motor,490.79,2195,0,6,0,Phone,1
202910,55576,Home,1988.51,2655,2,3,0,Broker,0
202911,55208,Motor,3215.16,612,3,5,0,Phone,1
202912,50963,Motor,1147.97,648,0,1,1,Phone,0
202913,53546,Motor,2758.1,812,0,6,1,Online,1
202914,50653,Motor,3728.12,570,1,2,1,Phone,1
202915,51630,Motor,3106.27,415,1,9,1,Broker,0
202916,53913,Motor,1795.91,2885,1,0,0,Broker,1
202917,55250,Motor,1877.96,524,2,5,0,Online,1
202918,52904,Motor,1676.18,78,0,3,0,Online,0
202919,54149,Motor,876.08,740,2,3,0,Online,0
202920,53386,Motor,5806.0,878,2,3,0,Online,0
202921,50813,Travel,3832.11,3129,0,8,1,Online,1
202922,55837,Motor,2285.19,2860,2,5,1,Phone,0
202923,55361,Home,4621.46,405,3,2,1,Online,0
202924,52078,Motor,2690.52,3383,0,6,1,Online,1
202925,55336,Motor,2974.91,329,1,4,0,Online,0
202926,54148,Home,5538.33,2077,3,7,0,Phone,0
202927,50339,Travel,5702.29,1238,0,2,0,Online,0
202928,54045,Motor,2295.68,3441,1,7,0,Phone,1
202929,50726,Home,1801.61,2690,1,8,0,Broker,1
202930,54538,Motor,2029.36,3461,1,3,1,Phone,1
202931,52457,Home,4468.87,1063,2,7,0,Online,1
202932,50678,Motor,7737.7,441,1,10,1,Online,0
202933,55922,Home,1917.42,573,2,4,0,Online,1
202934,55290,Home,1261.22,517,1,7,0,Online,0
202935,50152,Home,1389.43,2082,1,5,0,Online,0
202936,52125,Travel,814.35,1137,1,2,1,Online,0
202937,52573,Home,2652.84,577,1,3,0,Online,0
202938,51809,Motor,4627.77,2206,1,3,0,Online,0
202939,52082,Home,2217.97,2425,1,4,0,Phone,0
202940,54370,Motor,2032.43,518,1,2,1,Online,0
202941,55002,Home,1118.01,184,0,3,0,Phone,0
202942,52608,Home,2698.12,3593,0,5,1,Online,0
202943,54948,Motor,5116.71,529,1,5,0,Online,0
202944,51135,Travel,4856.72,2613,2,4,0,Phone,0
202945,51316,Home,3382.01,300,0,2,0,Online,0
202946,52561,Motor,2821.05,1284,2,4,0,Online,0
202947,54442,Home,2770.15,745,1,3,0,Online,1
202948,50761,Motor,1334.71,2673,2,6,0,Online,0
202949,54430,Motor,2731.89,3015,1,4,0,Phone,0
202950,51780,Motor,5302.24,1087,0,2,1,Phone,1
202951,51044,Travel,2113.2,1652,1,2,0,Broker,0
202952,52649,Home,4557.74,2578,1,5,0,Online,0
202953,53450,Motor,2294.2,612,0,5,0,Phone,0
202954,52570,Home,3285.91,2598,1,7,0,Online,0
202955,52430,Motor,6042.25,1364,1,4,0,Online,1
202956,52040,Motor,413.73,1202,1,3,0,Broker,0
202957,52074,Home,1839.93,357,0,2,0,Online,1
202958,53150,Motor,693.46,353,3,2,0,Broker,0
202959,54702,Home,479.74,413,4,5,0,Phone,0
202960,53844,Travel,4221.44,1189,1,4,1,Online,0
202961,53710,Home,2170.45,1268,2,2,0,Phone,1
202962,51426,Travel,3794.1,468,1,7,0,Online,0
202963,52982,Home,3543.5,3409,1,6,0,Online,0
202964,52051,Motor,4335.69,1859,2,7,0,Online,0
202965,52639,Travel,3332.34,1323,0,5,1,Online,0
202966,52258,Home,1074.91,1276,1,3,0,Broker,0
202967,50426,Home,1845.99,649,2,1,0,Online,0
202968,53336,Home,2982.41,2897,1,4,0,Online,0
202969,53318,Motor,3349.55,1191,0,1,1,Phone,0
202970,54582,Motor,4965.27,2100,0,6,1,Online,0
202971,55940,Home,5421.17,562,1,3,1,Online,1
202972,50449,Motor,3655.06,2215,0,6,1,Phone,0
202973,55782,Home,628.09,3558,0,6,1,Phone,0
202974,54936,Motor,934.17,3119,0,7,0,Online,1
202975,51298,Home,2838.94,159,1,4,0,Broker,0
202976,51614,Travel,1474.79,383,2,4,0,Online,0
202977,54165,Home,2408.39,3045,6,4,0,Online,0
202978,54122,Travel,1315.31,2684,2,6,0,Online,0
202979,53698,Motor,1592.01,3399,0,4,0,Phone,0
202980,54842,Motor,2549.73,3614,1,2,0,Phone,0
202981,53206,Motor,1633.83,1368,0,3,0,Broker,0
202982,50382,Motor,3047.48,2899,2,8,1,Online,0
202983,53408,Home,1454.22,3336,1,4,1,Phone,0
202984,51251,Home,1013.26,2793,0,4,1,Phone,0
202985,55715,Motor,2711.74,2555,2,3,0,Phone,0
202986,54646,Travel,3459.62,599,0,8,1,Online,1
202987,50321,Home,1630.22,2464,1,3,0,Online,0
202988,51306,Motor,1380.5,2039,3,5,1,Broker,0
202989,53302,Home,1968.79,2118,1,3,1,Phone,0
202990,50982,Motor,1333.42,2270,0,6,1,Online,0
202991,50648,Home,3173.71,579,0,6,0,Broker,0
202992,53035,Motor,1014.54,1538,2,4,0,Broker,0
202993,55083,Home,6186.29,1438,0,3,0,Online,0
202994,55591,Home,537.9,1893,0,6,0,Online,0
202995,53910,Motor,1899.44,3107,1,9,1,Online,0
202996,54448,Motor,1154.58,118,1,2,0,Online,0
202997,54691,Motor,3693.86,1325,2,3,1,Phone,0
202998,52102,Home,1058.95,3320,0,3,0,Online,0
202999,54161,Travel,2736.77,2382,0,2,0,Online,1
203000,55402,Motor,3275.2,1927,2,5,0,Phone,0
203001,52990,Motor,2397.31,424,1,2,0,Online,1
203002,51380,Motor,1047.72,747,1,2,0,Online,1
203003,51123,Motor,4330.84,228,0,8,1,Phone,0
203004,53981,Travel,6074.13,1331,2,0,0,Phone,0
203005,55397,Home,3760.1,2893,0,7,0,Online,0
203006,55156,Home,2422.31,267,2,4,0,Online,0
203007,51445,Motor,330.8,1630,1,4,0,Broker,0
203008,55663,Motor,4000.25,2974,0,2,0,Online,0
203009,51674,Home,2129.46,1979,2,2,1,Online,0
203010,51062,Home,1912.48,3057,1,9,0,Online,0
203011,51728,Home,1338.85,2988,0,2,0,Online,0
203012,53749,Home,2401.74,991,1,3,0,Online,0
203013,55319,Travel,1253.4,2350,0,9,0,Online,1
203014,51316,Motor,2386.66,2737,0,5,1,Online,0
203015,55058,Motor,919.18,1194,2,1,1,Phone,0
203016,51620,Home,2578.43,2725,2,3,0,Online,0
203017,53432,Home,6398.82,1112,1,6,0,Online,0
203018,55361,Motor,1723.51,2530,3,2,0,Online,0
203019,54892,Home,1344.14,214,2,4,0,Online,0
203020,51360,Motor,3809.93,1258,1,4,0,Phone,1
203021,55878,Home,210.33,3280,0,3,0,Online,0
203022,51301,Motor,1569.09,2979,1,4,0,Online,0
203023,51413,Home,5550.49,811,2,3,0,Online,0
203024,51287,Motor,984.67,1149,0,3,0,Phone,0
203025,54222,Motor,2602.61,2651,4,4,0,Online,0
203026,51984,Motor,3676.67,2416,0,4,0,Broker,1
203027,51043,Motor,6106.54,858,0,3,1,Online,0
203028,53459,Travel,3698.73,2739,0,5,0,Broker,0
203029,52188,Travel,1638.7,1214,1,6,1,Online,0
203030,51912,Motor,11817.01,740,0,3,1,Online,1
203031,55726,Home,1864.92,1411,0,8,0,Phone,0
203032,55453,Home,2833.97,3518,1,2,0,Online,0
203033,54133,Motor,390.05,509,1,3,0,Online,0
203034,51670,Home,8332.62,1738,2,4,0,Phone,0
203035,54641,Motor,3473.73,236,0,3,0,Phone,0
203036,55303,Home,2249.29,2502,1,4,0,Online,1
203037,50660,Motor,3960.45,247,1,1,1,Online,0
203038,53584,Motor,1689.13,290,2,3,0,Broker,0
203039,53078,Motor,2897.7,36,1,6,1,Phone,0
203040,54122,Home,1171.21,1247,2,2,0,Online,0
203041,55949,Home,2461.99,639,0,1,1,Broker,0
203042,54141,Motor,869.77,519,0,5,0,Broker,0
203043,55199,Travel,1940.66,3317,1,1,0,Broker,0
203044,53141,Home,3533.99,803,0,5,1,Online,0
203045,55322,Travel,2604.21,1198,0,4,1,Phone,0
203046,55267,Home,1259.61,1008,0,4,0,Phone,0
203047,55656,Motor,1300.29,205,2,4,1,Online,1
203048,52918,Motor,1726.51,2879,3,4,0,Phone,0
203049,52653,Home,1791.85,2585,0,7,1,Online,0
203050,51441,Travel,491.91,109,2,4,1,Online,0
203051,51767,Motor,4162.61,278,1,3,0,Online,0
203052,54752,Home,1306.38,3032,0,2,0,Phone,0
203053,50706,Motor,4665.54,274,1,2,1,Online,0
203054,54159,Motor,491.18,2430,1,3,0,Phone,0
203055,53039,Motor,2898.51,1397,1,6,1,Phone,0
203056,54044,Home,1709.55,72,1,5,0,Online,0
203057,54821,Motor,1373.32,1744,0,2,1,Broker,0
203058,52999,Travel,2472.17,1256,0,3,0,Online,0
203059,52891,Travel,935.93,2961,1,3,0,Phone,0
203060,53499,Home,5604.8,1572,1,9,0,Online,1
203061,55046,Motor,1356.13,2079,1,5,0,Online,0
203062,50552,Travel,2004.34,93,1,3,0,Online,0
203063,55708,Home,3543.4,2233,2,3,1,Online,0
203064,50828,Home,3798.86,3407,0,8,0,Online,1
203065,55741,Motor,3961.34,1538,1,3,1,Online,0
203066,54757,Motor,1727.44,246,1,7,0,Online,0
203067,52766,Home,2770.02,98,0,6,0,Phone,0
203068,53796,Motor,1924.2,2476,1,5,0,Online,0
203069,50193,Travel,279.42,1168,0,7,0,Online,0
203070,54212,Motor,5065.4,840,1,4,1,Online,0
203071,50273,Motor,1552.36,802,0,2,0,Online,0
203072,53125,Travel,1054.78,3155,3,3,1,Broker,0
203073,51693,Home,1232.76,1500,2,4,1,Online,0
203074,51874,Home,2491.34,2583,1,4,1,Broker,0
203075,51993,Motor,4649.36,3024,1,6,1,Broker,0
203076,53843,Travel,5322.87,587,1,4,0,Phone,0
203077,53237,Travel,1222.93,190,1,6,0,Broker,1
203078,51606,Motor,1493.06,232,0,6,0,Phone,0
203079,52296,Motor,5853.43,2554,1,3,0,Online,0
203080,55346,Home,2304.88,3040,2,3,0,Phone,0
203081,52817,Motor,1747.86,3370,2,0,0,Online,0
203082,55127,Home,1727.75,3127,1,5,0,Online,0
203083,55728,Home,1762.27,2899,1,2,1,Phone,0
203084,54814,Home,779.69,210,4,7,1,Online,0
203085,50128,Travel,3820.36,710,4,3,1,Online,0
203086,54298,Travel,1788.73,2031,0,4,0,Phone,1
203087,55581,Motor,2622.85,2885,1,5,0,Phone,0
203088,51924,Motor,1926.24,1254,0,1,0,Phone,0
203089,54034,Motor,4307.58,3555,1,4,0,Online,1
203090,51242,Home,3863.84,2914,2,3,1,Online,0
203091,55226,Motor,274.3,2205,0,2,0,Phone,0
203092,52333,Motor,4690.39,1233,1,4,0,Online,1
203093,51935,Motor,1620.71,2757,1,1,1,Phone,1
203094,54853,Home,5350.54,2117,3,3,0,Online,1
203095,50036,Home,541.37,2143,0,6,1,Phone,0
203096,55477,Motor,669.67,3193,0,4,0,Broker,0
203097,54970,Home,280.59,3528,0,3,0,Online,0
203098,54522,Home,645.8,2868,0,4,0,Online,0
203099,54684,Motor,1930.48,3199,0,4,0,Online,0
203100,55105,Motor,4998.91,224,1,3,1,Broker,0
203101,54397,Motor,3705.81,2695,1,3,0,Online,0
203102,52555,Motor,677.19,3053,1,2,0,Online,0
203103,51394,Home,6332.45,2746,0,6,0,Broker,0
203104,53703,Travel,787.59,374,0,9,1,Phone,0
203105,53032,Home,1418.52,419,0,4,1,Broker,0
203106,54562,Motor,2188.35,2471,0,4,1,Online,0
203107,54214,Home,2428.28,614,1,3,1,Broker,0
203108,50873,Home,1960.12,1249,1,3,0,Online,0
203109,50338,Motor,1822.04,3506,1,4,0,Phone,0
203110,53729,Motor,2204.27,3448,2,0,0,Online,0
203111,53074,Home,1330.77,132,0,3,0,Online,0
203112,53807,Motor,1019.8,1831,1,2,1,Online,0
203113,50645,Travel,4871.62,1532,0,5,0,Phone,0
203114,55765,Motor,3804.25,489,0,1,0,Phone,0
203115,51894,Motor,821.86,11,0,2,0,Phone,0
203116,55174,Motor,561.8,3415,1,5,1,Online,0
203117,53013,Motor,991.52,892,3,4,0,Online,0
203118,50674,Motor,552.31,3445,1,5,1,Online,1
203119,51163,Motor,104.92,2657,1,5,0,Broker,0
203120,50057,Home,2024.76,3339,1,5,0,Online,1
203121,54154,Travel,970.29,1676,0,4,1,Online,0
203122,53884,Home,6497.29,2909,2,8,0,Phone,0
203123,54250,Travel,3499.32,1560,1,1,1,Phone,0
203124,52011,Home,4014.64,1492,2,5,1,Online,0
203125,52400,Home,1675.34,1670,0,5,0,Online,0
203126,51679,Home,1810.7,336,2,2,0,Phone,0
203127,55916,Home,2076.18,2764,1,7,1,Online,0
203128,50067,Travel,4500.02,3405,0,5,0,Broker,0
203129,50924,Motor,1328.28,1109,1,3,0,Phone,0
203130,50065,Home,3292.54,3234,1,4,0,Online,0
203131,55690,Home,3046.24,2623,3,3,0,Phone,0
203132,52211,Motor,1438.67,2953,1,4,1,Online,0
203133,52438,Motor,1049.62,828,2,2,0,Phone,1
203134,53149,Home,3336.66,2385,0,5,0,Phone,0
203135,53289,Travel,1517.24,1848,3,5,0,Online,0
203136,53737,Home,1791.07,1062,0,2,0,Phone,0
203137,54707,Home,956.99,2970,2,3,0,Broker,0
203138,55437,Motor,2654.52,3614,0,5,0,Broker,0
203139,54399,Motor,2024.05,349,1,2,0,Online,1
203140,51675,Motor,1315.92,1055,0,2,0,Online,0
203141,53646,Motor,1051.42,3155,0,2,1,Broker,0
203142,54665,Motor,1159.64,2378,3,4,0,Phone,0
203143,52533,Home,1007.09,434,1,2,0,Online,0
203144,50016,Home,1117.86,3564,1,3,0,Broker,1
203145,53278,Travel,2505.69,741,0,3,0,Online,0
203146,50137,Home,1876.69,3174,0,5,0,Online,0
203147,51032,Home,4194.23,963,1,3,0,Online,0
203148,55185,Motor,2071.31,1991,0,3,0,Online,0
203149,54121,Motor,5653.16,2471,0,4,0,Online,0
203150,52926,Motor,4942.58,1676,0,3,0,Broker,0
203151,52620,Travel,579.41,2134,1,4,0,Online,0
203152,52244,Motor,2880.53,758,0,3,0,Broker,0
203153,55589,Motor,2546.69,391,2,5,0,Online,0
203154,54318,Motor,1832.95,1012,2,2,0,Online,0
203155,54271,Home,4387.15,2916,0,0,0,Online,0
203156,54666,Motor,2328.81,2786,2,3,0,Phone,1
203157,52271,Motor,1059.72,2801,1,1,0,Online,0
203158,51347,Home,1187.2,473,1,2,0,Broker,1
203159,54479,Motor,2942.98,3408,1,4,0,Online,0
203160,51840,Motor,992.74,1429,0,8,0,Online,1
203161,51922,Home,3324.85,3468,2,2,0,Phone,1
203162,50917,Home,917.38,3603,0,3,0,Online,0
203163,54872,Motor,2316.19,2615,2,3,0,Online,1
203164,54378,Motor,905.83,2568,3,3,0,Broker,0
203165,53603,Motor,2962.71,3310,0,5,0,Online,0
203166,53739,Motor,2613.26,1297,1,6,0,Online,0
203167,52396,Home,4069.31,1430,2,4,0,Online,0
203168,55010,Motor,3523.29,871,0,3,0,Online,0
203169,52324,Motor,1368.35,626,0,5,0,Phone,0
203170,52018,Motor,4554.66,1893,2,7,0,Broker,1
203171,53145,Home,1232.48,85,1,4,0,Online,0
203172,51576,Motor,536.83,1514,1,6,0,Phone,0
203173,54775,Home,5508.2,2638,1,3,0,Broker,1
203174,53361,Motor,3859.83,3076,0,4,0,Online,0
203175,53085,Motor,579.86,3543,4,5,0,Online,1
203176,50538,Home,951.87,1777,1,5,0,Broker,0
203177,50598,Motor,3415.07,1604,1,8,0,Online,0
203178,50813,Home,771.4,2626,1,0,1,Phone,0
203179,53790,Motor,4593.88,170,2,4,0,Online,0
203180,55603,Motor,3281.02,3135,0,2,0,Online,0
203181,55900,Home,1027.51,921,0,4,0,Phone,0
203182,50045,Motor,406.91,1964,1,4,0,Online,0
203183,50543,Motor,1538.39,1904,1,3,0,Broker,0
203184,55064,Home,746.53,2877,1,2,0,Online,1
203185,52686,Motor,2085.85,286,2,7,0,Phone,0
203186,53006,Motor,4619.73,3343,0,5,1,Phone,0
203187,54792,Motor,208.19,1891,0,3,0,Broker,0
203188,55076,Home,1077.15,1277,1,5,1,Online,1
203189,51781,Motor,2772.35,1891,1,1,0,Online,1
203190,55529,Motor,2009.04,2764,2,3,0,Online,0
203191,51940,Travel,1541.54,1321,0,8,0,Phone,0
203192,53783,Home,2762.36,466,0,7,0,Broker,0
203193,54556,Travel,6365.54,2700,0,5,0,Online,0
203194,52706,Home,4519.35,664,3,2,0,Online,0
203195,51440,Home,6672.37,2913,1,2,0,Online,0
203196,54230,Home,665.84,3525,1,6,1,Phone,0
203197,51256,Motor,1094.91,1362,1,10,0,Broker,0
203198,55769,Travel,1291.12,72,3,3,0,Online,0
203199,51670,Travel,3168.84,2401,1,4,0,Online,1
203200,52754,Home,2999.95,3304,1,5,1,Online,0
203201,54063,Motor,3095.4,1883,0,4,0,Online,0
203202,53829,Home,1114.41,3301,3,4,0,Online,0
203203,52856,Home,1145.65,994,1,5,0,Online,1
203204,55249,Motor,1162.86,2356,1,8,0,Broker,0
203205,54023,Motor,965.03,70,0,6,0,Online,0
203206,55893,Motor,5516.2,1448,0,6,0,Online,0
203207,53343,Motor,1381.46,3100,3,2,1,Online,0
203208,50154,Motor,9616.65,3232,0,1,0,Online,0
203209,55997,Home,1955.0,3450,1,3,0,Online,0
203210,50483,Motor,1043.62,2607,1,3,1,Online,0
203211,52722,Motor,3870.77,2812,1,3,0,Online,1
203212,51822,Home,1966.69,681,0,3,0,Online,1
203213,52687,Home,2023.44,474,1,4,0,Phone,0
203214,52319,Motor,2263.6,922,1,4,0,Online,0
203215,51493,Motor,3599.55,2708,2,4,0,Online,0
203216,50226,Home,407.66,1123,0,6,0,Online,0
203217,54977,Home,2645.85,2005,2,4,0,Broker,0
203218,53745,Home,1373.77,769,0,4,0,Online,0
203219,51342,Motor,1237.1,126,0,5,0,Online,0
203220,53461,Home,2257.12,1,1,3,0,Online,1
203221,52682,Home,2149.61,740,3,8,0,Online,0
203222,52024,Motor,278.61,1009,0,5,1,Online,1
203223,54734,Motor,1937.06,1737,1,4,0,Phone,0
203224,51799,Home,2400.82,1201,0,5,0,Online,0
203225,52311,Motor,748.11,1073,2,3,0,Online,0
203226,53218,Home,222.95,63,1,3,1,Online,0
203227,51009,Motor,6044.14,1350,1,0,0,Phone,0
203228,53370,Travel,1940.08,2451,0,4,0,Phone,1
203229,55786,Motor,2431.02,2612,1,3,0,Broker,0
203230,50519,Motor,2498.43,908,3,6,1,Phone,0
203231,51001,Motor,3818.29,2380,1,6,0,Online,0
203232,53388,Motor,454.76,936,1,8,0,Phone,0
203233,55244,Home,2120.93,234,1,3,0,Phone,0
203234,55645,Travel,2235.4,3570,0,6,0,Online,1
203235,54588,Travel,5891.4,2133,1,7,0,Phone,0
203236,53054,Motor,378.17,3271,3,2,0,Broker,0
203237,53836,Motor,2160.79,2352,2,2,1,Online,0
203238,50938,Motor,2896.28,1561,0,4,0,Online,0
203239,55433,Motor,9246.58,559,1,6,1,Online,0
203240,52261,Travel,643.39,1558,3,6,0,Online,0
203241,52308,Home,1100.23,24,2,2,0,Phone,0
203242,53538,Travel,3916.58,951,1,6,0,Online,0
203243,55206,Travel,1159.82,1455,1,2,0,Broker,0
203244,50238,Home,3735.87,1730,3,3,1,Online,0
203245,50420,Travel,4618.3,3309,1,1,1,Online,1
203246,54613,Home,459.31,2988,1,5,1,Phone,1
203247,54334,Motor,3338.24,2328,2,3,0,Online,0
203248,53654,Motor,1538.22,114,0,5,0,Online,0
203249,55462,Motor,1635.28,331,1,6,0,Broker,0
203250,55180,Motor,3253.05,1377,0,5,0,Phone,0
203251,55439,Motor,536.09,3299,1,2,0,Online,0
203252,54800,Motor,3200.21,138,0,4,1,Online,0
203253,54997,Motor,3673.3,3422,0,1,1,Online,1
203254,50611,Motor,2406.05,3425,0,2,0,Online,1
203255,53932,Home,3500.57,3159,1,4,0,Online,1
203256,50622,Motor,1593.94,301,3,8,0,Online,0
203257,55937,Travel,3208.37,231,2,5,1,Online,0
203258,51834,Travel,597.4,819,0,5,0,Online,0
203259,53136,Home,1075.06,1066,0,0,0,Broker,0
203260,53638,Home,1863.63,2471,1,0,0,Online,0
203261,50062,Motor,953.49,3052,0,4,0,Online,0
203262,55355,Motor,2305.37,2907,1,5,0,Broker,1
203263,53243,Motor,703.58,3183,1,5,0,Phone,0
203264,55865,Home,3363.64,186,1,2,0,Online,0
203265,54132,Home,1792.8,2799,0,2,0,Phone,0
203266,51033,Motor,2039.92,857,2,3,0,Phone,0
203267,52228,Motor,2140.7,1046,0,5,0,Online,0
203268,54110,Motor,500.76,840,0,5,0,Phone,1
203269,51006,Home,7360.46,882,0,6,0,Broker,0
203270,51731,Motor,1788.77,1347,0,4,0,Phone,0
203271,54996,Home,3502.9,3406,1,2,0,Online,0
203272,55818,Motor,4134.12,3409,1,3,0,Online,1
203273,52117,Motor,2600.92,1753,0,6,0,Broker,0
203274,55396,Home,664.91,890,0,4,0,Online,0
203275,54106,Home,600.38,1839,1,3,0,Phone,0
203276,50004,Home,2181.09,71,4,7,0,Online,1
203277,54142,Home,2754.54,1089,0,3,0,Phone,0
203278,50136,Motor,2211.43,796,1,3,0,Online,0
203279,54614,Motor,3187.37,2169,1,2,1,Phone,0
203280,51613,Motor,1152.62,822,0,2,0,Broker,0
203281,51496,Home,2004.23,1097,1,3,0,Online,0
203282,51581,Motor,2755.58,3017,0,1,0,Phone,0
203283,51019,Travel,1116.92,1467,3,5,0,Online,0
203284,52048,Motor,1783.61,2811,1,3,0,Broker,0
203285,54408,Home,1412.43,1077,1,2,0,Online,0
203286,52430,Motor,8526.86,1818,0,6,1,Online,0
203287,50467,Home,2009.63,452,0,3,0,Online,0
203288,50761,Motor,1187.19,2553,1,9,0,Phone,0
203289,55365,Motor,1556.48,1056,2,8,0,Broker,0
203290,50149,Motor,1937.78,826,0,5,0,Broker,0
203291,51823,Home,1351.07,2288,0,2,0,Online,0
203292,52848,Motor,1131.49,1340,1,4,1,Online,1
203293,50595,Travel,904.99,1918,1,2,0,Phone,0
203294,50907,Home,3379.73,1638,0,6,0,Online,0
203295,53745,Motor,2860.95,1936,0,4,0,Broker,1
203296,50349,Travel,2297.29,1719,0,7,0,Online,1
203297,51514,Home,5299.36,662,3,4,0,Online,0
203298,55161,Home,2481.44,1134,0,2,0,Broker,0
203299,53610,Motor,3191.11,2731,0,3,1,Online,0
203300,51716,Home,3612.46,652,3,4,0,Broker,0
203301,55360,Motor,1385.48,3255,0,5,0,Broker,1
203302,52202,Motor,5027.02,3345,2,3,0,Online,0
203303,51828,Home,1640.47,1436,1,7,0,Broker,0
203304,51182,Motor,1915.68,791,1,2,0,Phone,0
203305,51756,Motor,397.97,2189,0,1,0,Online,0
203306,54861,Home,718.01,1320,1,5,0,Phone,0
203307,51782,Motor,2173.06,1203,0,6,1,Online,0
203308,53234,Travel,1571.51,655,0,4,0,Broker,0
203309,51032,Travel,1634.34,2108,1,5,1,Phone,0
203310,54977,Travel,6567.98,240,1,7,0,Phone,0
203311,52556,Motor,1535.89,2400,0,1,1,Online,0
203312,51935,Motor,1190.88,1379,1,2,0,Phone,0
203313,51707,Motor,5246.13,186,3,6,0,Online,1
203314,51202,Motor,2503.73,1605,2,2,1,Online,1
203315,51415,Motor,2939.91,3135,1,11,0,Online,0
203316,50924,Motor,3636.91,2133,1,2,1,Online,0
203317,53936,Motor,2432.69,2315,0,3,0,Broker,1
203318,51727,Home,1806.58,1240,1,3,0,Broker,0
203319,53010,Home,1138.79,2562,0,7,0,Phone,0
203320,51567,Motor,1292.22,766,1,5,0,Online,0
203321,53521,Travel,472.36,2800,0,2,0,Online,0
203322,54152,Motor,4082.34,3337,1,5,0,Broker,0
203323,54905,Travel,904.74,1942,1,2,0,Online,0
203324,53886,Motor,2447.81,2200,1,3,0,Online,0
203325,54289,Home,1199.43,2705,0,3,0,Online,0
203326,52629,Home,1444.6,2856,2,5,0,Phone,0
203327,51923,Motor,3752.67,2088,0,6,0,Phone,0
203328,51766,Motor,2554.49,3123,3,3,0,Online,0
203329,51066,Motor,1418.12,1398,2,6,1,Broker,0
203330,50770,Home,5469.44,2029,2,2,0,Phone,0
203331,51368,Motor,1889.09,2767,0,4,0,Phone,0
203332,55875,Motor,1905.19,2065,2,2,1,Phone,0
203333,53134,Motor,1335.07,2436,1,3,0,Broker,1
203334,51294,Home,3993.78,1689,1,3,0,Online,1
203335,50455,Motor,2151.21,2703,1,9,1,Online,1
203336,53833,Home,1819.89,491,0,5,1,Phone,1
203337,55655,Motor,1098.06,503,0,3,1,Broker,0
203338,54794,Home,2333.62,716,3,2,1,Online,0
203339,50102,Motor,882.5,2986,1,6,0,Broker,0
203340,50714,Home,2010.45,392,3,4,0,Online,0
203341,50453,Motor,5140.7,3088,1,6,1,Online,0
203342,50493,Travel,3335.52,1699,2,6,0,Online,0
203343,53246,Home,4931.83,2501,4,4,0,Online,0
203344,51342,Motor,2014.05,1791,0,4,1,Online,0
203345,53260,Home,2630.3,1507,1,5,0,Broker,0
203346,55218,Home,623.36,2700,0,7,0,Online,0
203347,50245,Travel,1559.8,2610,1,8,0,Phone,1
203348,50814,Motor,442.13,3325,0,6,0,Online,1
203349,51432,Home,2149.82,2525,1,5,0,Online,0
203350,55755,Motor,1789.98,990,1,5,1,Online,0
203351,54260,Motor,1510.95,2696,0,3,0,Phone,0
203352,52369,Motor,1751.43,3489,1,2,1,Online,0
203353,52682,Home,2465.55,418,1,3,1,Online,0
203354,53655,Motor,2791.27,1132,2,5,1,Phone,1
203355,54188,Motor,876.71,248,1,2,0,Online,0
203356,54038,Travel,1199.78,1102,1,2,0,Broker,0
203357,52705,Home,2546.78,1168,0,2,1,Phone,0
203358,51853,Motor,5168.51,2776,1,2,0,Online,0
203359,52368,Home,3401.67,2254,4,2,1,Phone,0
203360,54748,Travel,1210.72,1672,0,5,1,Online,0
203361,54104,Motor,1255.92,3413,2,3,0,Online,1
203362,54241,Motor,1561.86,2327,2,8,1,Online,0
203363,52718,Motor,1282.81,3129,2,2,0,Online,0
203364,53191,Home,2137.04,1539,0,2,0,Phone,0
203365,55663,Home,2219.05,973,1,7,0,Phone,0
203366,50194,Travel,2879.51,2938,0,4,0,Online,0
203367,51651,Home,1143.86,2020,1,7,0,Phone,1
203368,55344,Motor,2281.33,2942,0,3,1,Online,0
203369,52620,Home,566.66,462,2,6,0,Broker,0
203370,55962,Home,4153.75,1318,1,3,0,Online,0
203371,53637,Home,2921.46,2617,1,9,0,Online,0
203372,55657,Home,3352.97,1784,4,4,0,Phone,0
203373,51719,Travel,2675.49,1610,2,4,0,Online,0
203374,50676,Motor,2117.51,2628,1,5,0,Online,0
203375,52954,Motor,2573.7,3439,0,3,1,Phone,0
203376,51829,Travel,4685.36,1889,2,4,0,Online,0
203377,55817,Motor,4484.13,2732,0,1,0,Online,0
203378,54579,Motor,2521.63,1695,1,6,0,Online,0
203379,52115,Motor,2833.09,782,2,4,0,Broker,0
203380,51561,Home,3736.64,2069,2,2,1,Online,0
203381,53834,Home,1495.09,1491,1,3,0,Broker,0
203382,50993,Home,1239.45,862,0,3,1,Phone,0
203383,51350,Home,8661.93,2005,1,0,0,Online,0
203384,53016,Motor,1636.25,507,2,4,0,Phone,0
203385,53437,Travel,195.86,3568,0,6,0,Broker,1
203386,53865,Motor,2843.29,2996,0,7,0,Online,0
203387,54423,Home,789.52,817,4,3,1,Phone,0
203388,54733,Motor,2547.63,2413,0,6,1,Phone,0
203389,52971,Motor,2400.71,3016,1,5,0,Phone,0
203390,50712,Motor,1417.71,3541,2,6,0,Online,1
203391,52465,Motor,4264.65,2989,4,3,0,Phone,0
203392,53626,Motor,2691.53,1006,0,4,0,Phone,0
203393,50193,Travel,223.44,1039,1,3,0,Phone,1
203394,50770,Home,2793.59,3356,1,2,0,Broker,0
203395,53844,Motor,1459.42,1557,0,6,0,Online,0
203396,53174,Home,1511.07,1386,2,4,0,Phone,1
203397,53331,Motor,934.15,1116,1,4,0,Online,0
203398,55916,Travel,276.32,3196,1,4,0,Online,0
203399,54987,Travel,6175.32,2017,1,1,0,Online,0
203400,55041,Motor,4632.93,1602,1,3,1,Broker,0
203401,52879,Motor,2843.87,2759,1,4,0,Online,0
203402,53678,Motor,1210.02,2058,1,7,0,Phone,0
203403,51564,Motor,596.66,302,2,4,0,Phone,0
203404,54038,Motor,1508.09,2405,2,5,0,Online,0
203405,54925,Motor,9460.92,2078,1,7,0,Phone,0
203406,50781,Home,1652.93,2977,2,3,0,Online,0
203407,54184,Motor,1581.07,65,0,5,1,Online,0
203408,54078,Travel,7673.72,1939,2,3,0,Online,1
203409,54356,Home,5243.92,2225,2,5,0,Broker,0
203410,52106,Travel,3354.9,2704,1,0,1,Phone,1
203411,52782,Home,1840.79,2677,1,3,0,Online,1
203412,52089,Motor,4802.83,922,1,0,0,Phone,0
203413,50659,Home,675.85,3241,0,3,0,Phone,0
203414,52954,Motor,1386.34,2060,1,4,1,Online,0
203415,54280,Travel,2766.24,1124,0,3,1,Phone,0
203416,52809,Motor,440.92,43,1,5,1,Online,0
203417,51019,Travel,2452.89,1130,2,3,0,Online,0
203418,54279,Home,3083.11,2664,2,6,0,Online,1
203419,54151,Motor,1032.02,3496,2,3,0,Online,0
203420,52635,Motor,2768.03,2317,1,5,0,Online,0
203421,55336,Travel,1690.39,3535,1,3,0,Online,0
203422,55442,Travel,1883.31,3417,2,2,1,Broker,0
203423,53876,Home,4836.75,2175,1,2,1,Phone,1
203424,53823,Motor,1883.73,1141,0,4,0,Broker,0
203425,52483,Travel,2913.72,1707,1,3,0,Online,0
203426,53457,Travel,7274.02,3395,1,3,0,Online,0
203427,54777,Travel,641.25,581,1,5,0,Phone,0
203428,52151,Travel,3156.33,1290,2,5,0,Broker,0
203429,54418,Motor,1459.56,2851,3,2,1,Online,0
203430,50175,Home,1044.24,2020,1,3,0,Phone,0
203431,53444,Travel,1475.86,1893,0,9,1,Online,0
203432,50359,Travel,980.41,1236,1,6,0,Online,0
203433,53423,Motor,3410.48,3107,2,5,0,Phone,0
203434,53550,Home,2164.13,3131,4,5,1,Online,0
203435,52568,Home,3820.01,1444,2,3,0,Broker,0
203436,55540,Motor,3426.33,795,1,3,1,Online,0
203437,50921,Motor,3175.64,2473,3,2,0,Phone,0
203438,52432,Home,1779.78,2908,2,6,1,Online,0
203439,54988,Motor,4445.99,3351,0,1,0,Phone,0
203440,50457,Home,6095.64,327,0,6,0,Phone,1
203441,50258,Motor,4093.0,2757,1,3,0,Broker,0
203442,53122,Motor,3812.26,445,2,6,0,Phone,0
203443,55580,Travel,3794.84,2033,2,5,0,Broker,0
203444,54021,Motor,1838.98,3021,1,5,0,Phone,0
203445,52501,Home,1998.13,2854,2,2,0,Online,1
203446,52100,Motor,1861.97,1198,3,6,1,Online,0
203447,52819,Home,3552.79,849,1,2,0,Online,0
203448,53870,Motor,852.51,238,3,6,0,Online,0
203449,50897,Motor,1857.78,1047,2,3,0,Broker,0
203450,54447,Home,2924.31,812,1,2,1,Online,0
203451,54715,Home,2128.31,2936,3,2,0,Online,0
203452,54659,Home,2627.14,1496,1,6,0,Broker,0
203453,52037,Motor,2525.6,366,2,4,0,Online,0
203454,51720,Home,3137.0,2514,2,6,1,Phone,0
203455,54602,Motor,2708.51,651,1,5,0,Phone,0
203456,50863,Motor,3476.64,3165,0,3,1,Online,0
203457,50110,Motor,1562.0,2428,0,5,1,Phone,0
203458,50343,Travel,107.66,1013,3,2,0,Online,1
203459,51528,Motor,2366.39,3505,5,3,0,Online,1
203460,51123,Home,209.66,2010,0,5,0,Phone,0
203461,54051,Motor,6549.58,98,2,3,0,Phone,0
203462,51406,Motor,961.53,3022,1,2,0,Online,0
203463,54088,Motor,4760.14,485,1,1,0,Broker,0
203464,55555,Home,2362.42,2486,1,5,0,Online,0
203465,52781,Travel,1710.7,1110,1,2,0,Online,0
203466,50056,Motor,1807.08,1632,0,6,0,Online,0
203467,50732,Home,3138.33,3242,0,4,1,Online,0
203468,53959,Motor,585.99,697,0,2,0,Phone,0
203469,52948,Motor,2447.7,895,6,7,1,Online,0
203470,51861,Home,1130.27,834,2,4,0,Online,1
203471,51387,Motor,1993.96,1381,2,3,0,Online,0
203472,50511,Home,2694.5,1252,1,4,0,Online,0
203473,50391,Home,934.19,139,2,3,0,Online,0
203474,55999,Home,970.45,2864,1,2,0,Online,0
203475,54981,Motor,1971.29,1794,2,4,0,Online,0
203476,52248,Motor,1983.86,1813,1,4,0,Online,0
203477,52678,Home,3821.05,1235,1,4,0,Online,0
203478,53840,Travel,1610.55,1539,1,4,0,Online,0
203479,53536,Home,2757.85,3161,0,2,0,Phone,0
203480,52895,Motor,2751.5,2100,0,2,0,Online,0
203481,55299,Motor,346.91,2470,0,3,1,Phone,0
203482,54599,Motor,1677.88,2474,2,3,0,Online,0
203483,53061,Travel,2117.72,949,1,3,0,Online,0
203484,51753,Motor,945.33,256,0,4,0,Broker,0
203485,53343,Home,7496.12,18,3,4,0,Phone,1
203486,50777,Motor,4634.49,70,0,4,1,Online,0
203487,51512,Home,1216.29,2877,2,1,0,Online,0
203488,55847,Motor,2789.27,2954,1,5,0,Phone,1
203489,55197,Motor,2663.89,2682,2,3,0,Online,0
203490,52765,Home,1415.05,1070,1,5,0,Phone,0
203491,51812,Home,3495.74,1147,1,3,1,Online,0
203492,55703,Motor,4898.54,1633,2,2,0,Phone,0
203493,51203,Motor,2603.59,3215,2,8,0,Phone,0
203494,53951,Motor,4209.26,3052,0,7,1,Phone,0
203495,51533,Motor,1625.38,1794,1,4,0,Phone,0
203496,53743,Travel,6451.3,3315,1,1,0,Online,0
203497,55907,Travel,2858.6,210,1,6,0,Phone,0
203498,55591,Motor,604.93,2396,1,6,0,Online,0
203499,51259,Home,2440.94,2782,0,1,0,Broker,0
203500,52384,Motor,5008.37,3018,1,4,0,Online,0
203501,54534,Motor,2185.63,2758,1,3,0,Phone,0
203502,52819,Motor,1745.48,3050,1,2,0,Phone,0
203503,51572,Home,3112.48,1875,2,5,0,Online,0
203504,52174,Travel,828.86,3447,1,7,0,Online,0
203505,51612,Motor,4891.13,1176,0,3,0,Phone,0
203506,50316,Home,3055.44,1191,4,6,0,Online,0
203507,51684,Home,2057.06,3446,0,5,0,Online,1
203508,52243,Motor,1666.17,2437,0,3,0,Phone,0
203509,51301,Home,1179.16,1722,1,4,0,Phone,0
203510,53823,Motor,1930.07,2841,2,5,1,Broker,0
203511,50737,Motor,1056.6,1628,0,4,1,Online,0
203512,53448,Motor,5660.45,260,1,4,0,Online,1
203513,52516,Travel,1814.4,1074,0,4,0,Broker,0
203514,53823,Motor,1303.3,706,0,5,0,Broker,0
203515,52667,Motor,4991.76,981,0,2,1,Online,0
203516,54047,Motor,3088.57,2483,1,2,0,Online,0
203517,51977,Motor,5215.92,1635,0,7,0,Online,0
203518,50608,Home,1642.28,2642,3,2,0,Online,0
203519,51163,Home,3923.23,2561,3,5,0,Online,1
203520,53080,Home,382.83,323,0,5,0,Online,1
203521,54709,Home,2177.93,1483,0,3,0,Broker,0
203522,54908,Motor,3102.23,728,0,8,0,Online,0
203523,52336,Travel,1943.56,3034,1,1,1,Online,0
203524,50642,Motor,884.27,2298,3,3,0,Online,0
203525,51498,Home,3431.22,3611,0,4,0,Phone,0
203526,55637,Motor,4192.77,3052,0,1,0,Online,0
203527,54061,Motor,1341.55,1272,1,5,0,Online,0
203528,53510,Motor,3515.15,628,2,1,0,Online,0
203529,52190,Home,3819.07,3326,1,5,1,Online,0
203530,55867,Travel,1702.64,363,1,8,0,Online,0
203531,50893,Home,521.25,3391,2,3,1,Online,1
203532,52848,Motor,1060.91,2770,3,1,0,Broker,0
203533,54431,Home,1423.64,1063,3,7,0,Online,0
203534,52934,Home,1585.98,2155,2,4,0,Phone,0
203535,55691,Home,2306.17,991,2,9,0,Online,0
203536,53741,Home,614.27,2489,0,3,0,Online,0
203537,50440,Travel,666.85,827,1,4,1,Online,0
203538,54887,Motor,4208.9,2523,2,4,0,Phone,1
203539,52958,Motor,789.83,1533,0,1,0,Online,1
203540,52810,Motor,1572.27,1724,1,4,0,Online,0
203541,55302,Home,3157.8,1689,3,2,0,Broker,0
203542,50979,Motor,3951.27,1515,1,4,0,Broker,0
203543,54957,Travel,1951.04,3350,1,1,1,Phone,0
203544,54854,Travel,5136.59,1610,1,8,1,Broker,0
203545,54077,Home,2269.2,2480,2,1,0,Online,0
203546,51379,Travel,952.02,978,2,4,0,Online,1
203547,53500,Motor,6097.34,3053,0,1,0,Online,0
203548,52158,Travel,4137.83,79,1,5,0,Phone,1
203549,50098,Travel,2932.32,3423,1,5,0,Broker,0
203550,50558,Motor,2199.82,2112,3,0,0,Online,0
203551,54710,Home,2633.8,628,0,7,0,Broker,0
203552,50896,Home,5442.83,493,2,3,0,Online,0
203553,53964,Motor,3114.56,1059,1,3,0,Phone,0
203554,52043,Motor,1270.64,2976,0,4,0,Broker,0
203555,52848,Home,2583.71,172,1,5,0,Online,1
203556,51624,Motor,2107.06,3222,0,4,0,Online,0
203557,50314,Motor,666.71,1531,2,5,0,Online,0
203558,55069,Motor,2333.42,3525,1,3,1,Online,0
203559,51762,Motor,1366.34,3536,0,5,0,Online,0
203560,51167,Motor,1928.69,2562,1,4,0,Online,0
203561,50800,Home,1469.96,2044,0,4,1,Online,0
203562,55295,Travel,1101.98,3607,1,4,1,Phone,0
203563,55056,Motor,563.24,3208,1,3,0,Online,0
203564,50681,Motor,841.99,1426,0,3,1,Online,0
203565,51068,Home,5931.16,767,1,5,0,Online,0
203566,53103,Motor,629.77,1743,0,3,0,Online,0
203567,55797,Travel,2659.71,1927,2,3,0,Phone,0
203568,53471,Travel,1747.73,629,2,2,1,Online,0
203569,51535,Motor,1012.9,1337,3,5,0,Online,0
203570,54680,Travel,2770.07,2756,1,7,0,Phone,0
203571,53120,Home,6214.03,3518,0,2,0,Online,1
203572,55652,Home,2516.91,3453,1,1,1,Online,0
203573,52249,Travel,975.38,15,2,5,0,Broker,0
203574,54437,Motor,2631.19,1284,0,5,1,Phone,0
203575,55051,Motor,1860.13,1422,0,5,0,Online,0
203576,52947,Travel,473.26,3313,1,9,1,Phone,1
203577,54638,Motor,1127.14,2272,2,5,0,Online,0
203578,52511,Home,3279.44,763,1,5,0,Phone,0
203579,55540,Motor,1377.83,997,1,4,0,Online,0
203580,54549,Motor,2617.02,2484,0,6,0,Phone,0
203581,53590,Motor,561.03,1617,0,5,1,Online,0
203582,51463,Home,682.03,3274,3,6,1,Online,0
203583,52227,Motor,5770.92,449,0,3,0,Online,0
203584,50159,Motor,3287.46,1486,1,4,0,Online,0
203585,53273,Travel,2655.96,656,1,8,1,Online,0
203586,52743,Home,2995.8,3531,1,3,1,Online,1
203587,50790,Travel,3680.97,735,2,3,0,Online,1
203588,50905,Motor,3058.63,2614,1,4,0,Online,0
203589,55361,Motor,1911.97,3565,0,6,0,Phone,0
203590,51638,Home,2451.63,1442,2,9,0,Phone,0
203591,55131,Home,284.41,3552,1,3,0,Phone,0
203592,54343,Motor,3238.29,615,0,3,0,Online,0
203593,51471,Motor,868.75,1347,1,7,1,Online,0
203594,50570,Home,2721.83,2761,0,3,0,Online,0
203595,54958,Motor,2783.44,1183,2,3,0,Online,0
203596,50035,Motor,2177.51,1372,1,8,0,Online,0
203597,55182,Home,1526.21,2654,0,5,0,Online,0
203598,52901,Home,3598.66,280,2,8,0,Online,0
203599,53450,Motor,1033.23,1991,0,3,1,Broker,0
203600,55423,Home,4046.19,497,2,3,0,Online,0
203601,54134,Motor,3247.91,1446,0,2,0,Online,0
203602,53471,Travel,757.02,1898,1,6,1,Online,0
203603,51881,Home,3135.34,2006,0,3,0,Online,0
203604,55172,Motor,3889.98,1260,0,7,1,Online,0
203605,55632,Home,1431.74,2175,0,5,0,Online,0
203606,50785,Home,4223.97,89,2,3,0,Online,0
203607,53749,Motor,1051.01,1678,2,4,1,Online,0
203608,55865,Home,2089.83,2676,1,2,0,Online,0
203609,55166,Motor,2052.67,2405,0,5,1,Online,0
203610,51846,Motor,1397.94,3349,3,7,1,Online,0
203611,50577,Motor,5956.67,876,4,3,0,Online,1
203612,50164,Home,2723.39,1399,2,3,0,Online,0
203613,54947,Motor,4375.48,185,1,4,0,Online,0
203614,55789,Motor,1393.67,2122,1,3,1,Phone,0
203615,50367,Home,3143.19,1074,1,3,1,Phone,0
203616,53345,Home,205.67,2912,1,5,0,Online,0
203617,55883,Home,3256.44,2300,1,5,0,Online,0
203618,51248,Home,2349.32,2394,1,0,1,Online,1
203619,53561,Motor,4309.1,3279,1,4,0,Broker,0
203620,50479,Motor,3256.02,480,1,6,1,Online,0
203621,55238,Travel,1147.33,2465,0,3,0,Phone,0
203622,53696,Motor,692.76,717,3,6,1,Online,0
203623,54051,Motor,1774.52,2274,1,1,1,Broker,0
203624,53151,Travel,2716.28,2526,0,2,0,Phone,0
203625,51336,Motor,3843.1,1543,2,2,0,Phone,0
203626,54785,Motor,4127.02,978,1,3,0,Online,0
203627,54247,Motor,3308.37,1553,0,6,1,Online,1
203628,52573,Motor,2212.99,3629,2,6,0,Broker,0
203629,53112,Home,3490.33,2867,1,4,0,Online,1
203630,54213,Motor,1561.17,144,1,4,0,Phone,0
203631,53025,Motor,679.54,2728,0,2,0,Online,0
203632,55216,Home,4102.18,1635,0,6,1,Online,0
203633,51784,Home,1482.05,3616,0,3,0,Online,0
203634,54520,Motor,939.03,511,2,5,0,Online,0
203635,54097,Motor,1821.42,821,2,3,1,Broker,1
203636,55987,Home,1714.09,1541,1,5,0,Broker,0
203637,51713,Motor,3499.0,3183,1,2,0,Online,0
203638,52790,Motor,2856.4,1525,0,4,1,Phone,0
203639,52025,Motor,2021.91,2491,1,4,1,Online,0
203640,50754,Motor,2109.59,2562,0,4,1,Phone,1
203641,55445,Home,1006.83,2098,0,2,1,Online,0
203642,53810,Home,9826.74,970,0,4,1,Online,0
203643,54282,Motor,736.28,119,1,2,0,Online,0
203644,55308,Motor,2997.75,2122,3,2,1,Phone,0
203645,52049,Home,2901.78,473,3,1,0,Online,1
203646,52295,Motor,4307.31,2773,0,5,0,Phone,1
203647,53354,Home,1500.93,103,0,5,0,Phone,0
203648,55026,Travel,2097.26,3321,1,3,0,Phone,0
203649,50060,Motor,984.74,3635,0,4,0,Phone,0
203650,55100,Travel,1257.7,606,1,3,1,Online,0
203651,51088,Home,3114.78,3584,1,3,0,Online,0
203652,53141,Motor,1453.39,485,1,6,1,Online,0
203653,50442,Motor,1808.63,3557,0,5,0,Phone,0
203654,51135,Home,7547.02,320,1,4,0,Online,0
203655,54918,Motor,4831.79,1930,2,3,0,Broker,0
203656,51497,Motor,900.35,1054,1,2,0,Broker,0
203657,52401,Motor,2057.55,821,0,5,0,Online,1
203658,52146,Home,3463.02,18,1,1,0,Phone,1
203659,52331,Motor,280.97,2543,1,6,1,Online,0
203660,52391,Motor,1331.2,2905,1,3,1,Phone,0
203661,51497,Motor,2948.52,779,0,5,0,Online,0
203662,51540,Motor,2929.85,2147,0,7,0,Broker,0
203663,54434,Home,5489.24,214,1,5,0,Phone,0
203664,54411,Motor,1826.36,1993,2,2,1,Broker,0
203665,50676,Motor,1231.75,2206,1,5,0,Online,0
203666,50550,Travel,2696.1,1003,2,4,0,Phone,1
203667,51222,Home,1720.9,367,0,4,1,Phone,0
203668,53579,Motor,3059.73,1843,1,4,0,Online,0
203669,53332,Home,2776.86,2171,0,3,0,Online,0
203670,51650,Motor,1353.91,1520,2,5,0,Online,0
203671,55139,Travel,1524.96,3616,0,3,0,Online,0
203672,54826,Motor,2437.96,2084,1,1,1,Phone,0
203673,51677,Motor,2806.11,2358,0,2,0,Phone,1
203674,50305,Travel,1796.11,3089,1,3,1,Phone,0
203675,50053,Motor,509.03,3413,0,8,1,Online,0
203676,54270,Motor,3119.06,1712,0,3,1,Online,0
203677,51027,Home,3521.44,2336,0,1,0,Phone,0
203678,53874,Home,1365.56,3415,1,1,0,Online,1
203679,54782,Motor,5283.08,2780,1,3,0,Online,0
203680,51246,Motor,1538.35,1776,2,1,0,Online,0
203681,53231,Motor,4546.35,338,0,6,0,Phone,0
203682,50691,Home,1945.08,2979,3,4,0,Broker,0
203683,55746,Home,1621.44,489,2,3,0,Broker,0
203684,51215,Motor,1141.23,845,1,4,1,Online,0
203685,55668,Home,2473.84,1237,0,3,0,Phone,0
203686,50570,Motor,2198.15,624,0,1,0,Online,0
203687,54713,Motor,1259.32,1732,3,3,1,Online,0
203688,50355,Travel,705.34,1590,0,5,0,Phone,1
203689,53183,Travel,2303.58,1304,1,1,0,Phone,1
203690,55181,Motor,248.35,3556,1,10,0,Online,0
203691,51853,Motor,5589.64,659,3,5,1,Online,0
203692,53428,Home,1012.52,2716,0,7,0,Phone,0
203693,51869,Motor,1304.31,1058,2,5,0,Online,0
203694,50107,Motor,228.17,455,2,4,0,Online,1
203695,51618,Motor,2429.9,2650,1,3,1,Phone,0
203696,52712,Home,935.67,940,2,12,0,Online,0
203697,54627,Home,2632.66,1615,2,3,0,Phone,1
203698,54243,Motor,1139.17,2590,1,4,1,Online,0
203699,54976,Motor,4728.23,2073,0,4,0,Phone,1
203700,52322,Motor,6130.33,1566,2,5,0,Phone,0
203701,50679,Home,2603.31,3329,1,8,0,Online,1
203702,51387,Motor,8154.94,1638,0,5,1,Broker,0
203703,55341,Home,2335.18,785,1,4,0,Broker,0
203704,53600,Motor,4685.9,735,0,4,0,Online,0
203705,52581,Travel,3205.62,1791,0,5,0,Phone,1
203706,50291,Motor,1887.22,2519,2,3,0,Online,0
203707,55275,Home,7521.74,3490,0,4,0,Online,0
203708,50271,Travel,1159.5,3322,0,3,0,Phone,0
203709,53961,Motor,3253.82,1381,3,7,0,Online,1
203710,51427,Motor,1059.19,2792,0,2,0,Online,0
203711,51318,Motor,1605.69,375,1,3,0,Phone,1
203712,51637,Motor,3522.45,3249,0,5,0,Phone,0
203713,53184,Motor,11486.94,1404,3,5,0,Phone,0
203714,54685,Motor,363.53,987,0,4,0,Online,0
203715,50049,Motor,1716.82,525,1,0,0,Online,0
203716,54048,Motor,4139.97,2740,1,4,0,Phone,1
203717,54068,Motor,1506.7,2356,1,4,0,Online,0
203718,52821,Home,2658.7,1049,2,1,1,Online,0
203719,55669,Home,2027.57,1936,2,3,0,Online,0
203720,55377,Home,2996.57,676,0,5,0,Phone,0
203721,50988,Motor,1304.46,2584,1,5,1,Phone,0
203722,51447,Home,5045.55,1341,2,5,0,Online,0
203723,53570,Motor,2599.27,2881,0,3,0,Phone,0
203724,51282,Home,1330.8,1379,1,7,0,Online,1
203725,52098,Home,6074.13,2415,2,4,1,Phone,1
203726,51667,Motor,1430.36,3339,1,8,0,Online,1
203727,51915,Travel,1865.22,2600,0,2,1,Phone,1
203728,51466,Home,774.85,2762,2,4,0,Broker,0
203729,51784,Motor,1068.85,2536,2,8,0,Phone,0
203730,55181,Travel,1791.73,3563,0,4,1,Phone,0
203731,50655,Motor,2137.57,2395,0,7,0,Online,1
203732,51566,Motor,265.21,896,0,3,1,Online,0
203733,51888,Motor,1752.2,941,0,5,0,Online,0
203734,53674,Motor,4589.67,2837,3,1,1,Phone,1
203735,53633,Travel,2444.31,3258,2,5,1,Phone,0
203736,54348,Motor,4184.12,1380,1,4,0,Phone,0
203737,54726,Motor,2486.26,802,1,5,0,Phone,0
203738,54882,Home,346.98,3251,1,7,0,Online,0
203739,55346,Travel,1060.42,3256,0,6,0,Online,1
203740,55910,Motor,480.24,3055,2,2,1,Online,1
203741,51468,Travel,671.84,1754,1,4,0,Phone,0
203742,54768,Travel,2198.44,131,1,2,1,Online,0
203743,53793,Home,1711.67,990,1,6,0,Online,0
203744,55961,Motor,2680.24,3503,0,3,1,Phone,0
203745,51092,Home,1091.19,3446,0,3,0,Online,0
203746,54392,Motor,2136.68,959,0,1,0,Online,0
203747,50544,Travel,1850.81,2899,1,3,0,Broker,1
203748,54484,Home,5889.68,2508,2,1,0,Online,0
203749,50991,Travel,2098.39,2007,2,5,0,Online,0
203750,53767,Home,1456.58,1450,2,5,1,Online,0
203751,54026,Motor,2744.55,488,3,4,0,Broker,1
203752,55776,Home,3263.28,3325,1,4,0,Online,1
203753,55584,Motor,5052.12,1933,2,5,0,Phone,0
203754,53859,Motor,488.52,1397,0,3,0,Online,0
203755,50727,Motor,6498.25,1850,1,6,1,Online,0
203756,51200,Home,3229.26,788,0,4,0,Online,0
203757,51710,Home,3131.2,1647,1,4,0,Online,0
203758,51577,Home,1182.25,1192,0,2,0,Online,0
203759,50765,Motor,1345.1,2868,1,7,0,Phone,0
203760,50353,Motor,2623.03,3632,0,3,0,Online,1
203761,53115,Motor,1574.87,1625,1,7,0,Online,0
203762,52988,Home,3636.28,1122,1,3,1,Phone,0
203763,50837,Travel,2845.21,1247,1,3,0,Phone,0
203764,55625,Motor,700.02,3501,0,4,1,Online,1
203765,52740,Motor,275.52,2694,3,2,0,Online,1
203766,54077,Motor,2918.55,528,1,0,0,Online,0
203767,53371,Home,799.87,1829,0,3,0,Online,1
203768,53653,Home,3623.19,283,2,3,0,Online,0
203769,55573,Home,511.54,2987,0,3,0,Broker,1
203770,55476,Home,1912.77,1606,0,0,0,Online,1
203771,54696,Home,1545.16,3224,0,5,0,Phone,0
203772,52404,Motor,1094.89,70,1,4,0,Broker,0
203773,53572,Motor,1884.85,1171,0,7,0,Online,0
203774,53038,Home,7402.69,2720,0,3,1,Online,0
203775,51547,Motor,1784.77,2970,1,4,0,Online,0
203776,55311,Home,2580.61,2610,1,7,0,Online,0
203777,54634,Motor,4667.99,1349,1,5,0,Phone,0
203778,55886,Home,1398.86,3543,1,5,0,Online,0
203779,50914,Travel,4693.08,1718,0,7,0,Broker,0
203780,52180,Home,875.29,2542,1,3,0,Online,1
203781,52041,Motor,1527.9,1568,0,2,0,Online,0
203782,54832,Home,904.44,530,1,0,0,Online,0
203783,52508,Home,6654.31,2400,1,3,0,Phone,0
203784,50779,Motor,6324.71,2363,0,5,1,Online,0
203785,53879,Motor,4728.31,1112,1,4,0,Online,0
203786,55972,Home,3943.47,2973,2,1,1,Online,0
203787,51336,Motor,1582.52,3133,2,3,0,Online,0
203788,51113,Home,2496.19,2797,2,6,1,Online,0
203789,55429,Home,11194.83,2494,2,3,0,Broker,0
203790,55527,Home,2807.75,864,0,6,1,Online,0
203791,53778,Travel,2715.36,3041,3,4,0,Online,0
203792,53817,Motor,1837.37,1275,1,5,0,Online,0
203793,53998,Motor,2385.55,640,0,8,0,Online,0
203794,52135,Motor,826.73,526,0,6,0,Online,1
203795,54416,Travel,5298.87,1778,2,5,0,Online,1
203796,51237,Home,1758.98,989,2,2,0,Online,0
203797,50671,Home,2519.7,3329,1,7,1,Online,0
203798,52257,Home,3336.0,1613,2,2,0,Online,0
203799,50625,Home,2949.92,2031,1,3,0,Phone,0
203800,51224,Motor,2683.92,1211,3,4,1,Phone,0
203801,54068,Home,2791.77,1553,3,2,0,Online,0
203802,53071,Home,4418.23,1277,0,6,1,Online,0
203803,51505,Home,3039.79,1275,2,7,0,Online,0
203804,51995,Home,4378.37,35,1,4,0,Online,1
203805,51527,Travel,4645.02,2048,0,4,0,Phone,1
203806,53047,Home,3897.35,1302,3,2,0,Phone,0
203807,52008,Travel,5306.8,2219,0,6,0,Broker,0
203808,50543,Motor,269.84,1534,3,2,0,Online,0
203809,52586,Motor,2366.37,2119,2,2,1,Broker,0
203810,50871,Motor,1450.48,247,0,5,0,Phone,0
203811,53279,Travel,1493.6,2532,1,2,0,Broker,0
203812,54528,Travel,2034.39,1219,1,8,0,Online,0
203813,54129,Home,554.54,3310,3,4,0,Phone,0
203814,52874,Motor,1276.08,654,1,4,0,Online,0
203815,52922,Motor,4024.95,758,0,6,0,Phone,0
203816,54135,Motor,2773.98,1623,0,1,0,Phone,0
203817,51522,Home,1986.58,2299,1,6,1,Online,0
203818,51662,Motor,4808.59,312,2,5,0,Broker,0
203819,53960,Motor,7277.2,3606,0,2,0,Phone,0
203820,52223,Home,1157.9,2056,1,2,1,Broker,0
203821,52953,Home,4643.44,2005,0,4,0,Online,1
203822,50796,Home,3169.99,255,0,7,0,Online,0
203823,52952,Motor,1851.22,266,1,7,0,Phone,0
203824,51799,Motor,3977.89,3234,1,3,1,Phone,0
203825,55760,Motor,505.12,1754,0,2,0,Online,1
203826,55031,Home,5831.68,1580,1,5,0,Phone,0
203827,53773,Motor,1495.5,1970,1,2,0,Phone,0
203828,51764,Motor,1903.31,2936,1,2,1,Online,0
203829,54394,Motor,1706.04,3331,1,3,1,Phone,0
203830,50224,Home,614.9,3438,1,3,0,Online,0
203831,51052,Travel,2627.79,2706,1,3,1,Online,0
203832,55637,Motor,1282.76,3605,1,6,0,Online,0
203833,50298,Home,729.99,1320,1,5,1,Broker,1
203834,54811,Home,5304.72,1656,2,1,0,Phone,0
203835,53112,Home,906.63,2954,1,1,1,Online,0
203836,54907,Motor,2368.39,3240,1,5,0,Online,0
203837,54108,Motor,1228.49,3424,0,1,1,Phone,0
203838,52808,Motor,4737.24,3041,0,4,0,Online,0
203839,52458,Home,4900.65,2158,2,5,0,Online,0
203840,55058,Travel,792.73,1844,3,3,0,Phone,0
203841,54805,Home,1945.63,28,1,5,0,Phone,0
203842,52938,Motor,5685.22,1168,1,6,0,Phone,0
203843,51794,Motor,5180.68,336,1,4,0,Online,0
203844,53629,Travel,4748.36,907,1,6,0,Broker,0
203845,53999,Motor,6938.94,2405,1,4,1,Online,1
203846,51222,Motor,2629.86,347,1,5,1,Broker,0
203847,52570,Motor,3247.67,3634,0,2,0,Broker,0
203848,50182,Motor,4127.1,3460,0,4,0,Broker,0
203849,53929,Travel,4041.99,3307,0,4,0,Phone,0
203850,51859,Travel,2400.58,2864,1,1,0,Online,1
203851,51816,Travel,2505.47,2944,2,6,0,Phone,0
203852,50919,Home,2011.6,2869,1,5,0,Online,1
203853,55806,Motor,4507.92,2057,0,1,0,Online,1
203854,53866,Motor,3235.12,2592,0,4,1,Phone,0
203855,55128,Home,3426.03,3261,2,4,0,Online,0
203856,52439,Home,4570.94,3158,2,0,0,Online,0
203857,55545,Home,6080.93,1772,1,6,0,Online,0
203858,54916,Home,3495.68,398,0,3,0,Phone,0
203859,53752,Travel,617.16,1758,0,10,1,Broker,1
203860,55893,Motor,6361.48,2014,0,4,1,Online,0
203861,55379,Travel,4465.06,3331,1,1,1,Broker,0
203862,50217,Motor,4814.99,1494,0,6,0,Online,0
203863,50393,Motor,1297.71,2133,2,4,0,Phone,0
203864,52863,Motor,382.41,1252,3,1,0,Online,0
203865,55146,Travel,3680.85,95,0,7,0,Online,0
203866,53274,Home,744.07,3562,3,2,1,Online,0
203867,54782,Home,2409.94,2640,0,6,1,Online,1
203868,55250,Home,2864.92,1820,2,5,0,Online,0
203869,51966,Motor,2029.25,2475,2,4,0,Phone,1
203870,55451,Motor,3494.29,2376,2,6,0,Phone,1
203871,52580,Motor,6074.92,2439,0,6,0,Online,0
203872,50792,Home,1302.54,2916,1,1,1,Online,0
203873,51687,Motor,1785.35,3275,4,2,0,Online,0
203874,52328,Motor,2102.3,3354,2,3,1,Phone,0
203875,55452,Home,4324.29,3263,2,5,1,Phone,0
203876,54487,Motor,658.8,1223,1,1,0,Online,0
203877,55546,Motor,960.34,3305,2,6,1,Broker,0
203878,53792,Home,767.6,1879,1,3,0,Online,0
203879,53507,Motor,1014.34,664,1,7,0,Online,0
203880,50418,Motor,823.19,1555,0,3,0,Online,0
203881,55962,Home,1410.06,1395,2,4,0,Online,0
203882,50277,Motor,5225.1,2083,1,7,0,Online,0
203883,52999,Travel,1482.17,3503,1,4,1,Broker,0
203884,50773,Travel,1634.56,3060,0,5,0,Online,0
203885,51045,Home,1122.84,98,1,4,1,Broker,0
203886,55774,Home,880.84,991,1,7,0,Online,0
203887,54031,Motor,2081.28,2807,0,1,0,Broker,0
203888,51061,Travel,3424.05,3488,2,4,1,Online,0
203889,54558,Motor,5153.35,1061,1,6,0,Phone,1
203890,54209,Motor,3748.05,2754,1,2,0,Phone,0
203891,52962,Motor,1166.25,2337,0,4,0,Online,0
203892,52732,Travel,2891.29,2161,2,6,0,Phone,0
203893,50532,Motor,2649.64,279,2,1,0,Online,1
203894,55351,Motor,1326.9,1601,1,6,0,Phone,0
203895,52668,Motor,1120.36,1621,1,1,1,Phone,0
203896,52216,Motor,4417.13,2035,0,3,1,Phone,0
203897,50432,Travel,5662.23,2219,0,7,0,Broker,0
203898,51569,Home,4062.13,559,0,2,1,Phone,0
203899,55136,Travel,1831.82,1962,1,5,0,Online,0
203900,54761,Motor,2367.33,1044,1,5,0,Online,0
203901,53456,Travel,1787.01,1559,0,3,0,Phone,0
203902,51409,Home,1159.87,1761,1,7,0,Online,0
203903,55845,Motor,1297.04,2554,2,3,0,Phone,0
203904,50978,Motor,1287.7,600,0,2,0,Phone,0
203905,54145,Motor,1101.86,1337,1,3,0,Online,0
203906,55982,Motor,3004.13,3403,4,2,1,Broker,0
203907,53691,Travel,2134.31,2590,1,3,1,Online,0
203908,51727,Motor,3599.24,551,3,1,0,Online,0
203909,51662,Motor,1981.2,3490,1,2,0,Phone,0
203910,52929,Home,4980.53,870,0,3,1,Online,0
203911,55449,Motor,2233.81,310,2,3,0,Online,0
203912,52847,Motor,1027.84,2741,0,4,0,Phone,0
203913,55811,Travel,1057.27,1829,1,4,0,Online,0
203914,53418,Motor,4026.37,839,3,3,0,Broker,0
203915,53764,Home,2551.2,1262,2,2,0,Broker,0
203916,54236,Travel,5076.34,117,4,7,0,Online,0
203917,52946,Motor,2720.31,1895,1,6,0,Online,0
203918,51129,Home,4467.1,569,1,3,1,Online,0
203919,53143,Home,2548.55,3555,1,5,1,Phone,1
203920,53544,Home,1835.37,2579,1,3,0,Broker,0
203921,53816,Travel,1360.21,731,1,9,0,Online,0
203922,53474,Motor,2516.44,1862,2,0,0,Online,1
203923,54465,Travel,3446.29,2234,1,4,0,Online,0
203924,51665,Home,1028.82,369,3,11,0,Online,1
203925,53038,Motor,1998.48,1039,2,3,1,Online,1
203926,54417,Home,2882.96,3283,1,2,1,Online,0
203927,55957,Motor,2496.0,3340,0,3,0,Online,1
203928,50454,Motor,1822.95,3597,1,4,0,Phone,0
203929,52240,Motor,232.83,552,2,3,1,Online,0
203930,55464,Travel,1519.77,1912,1,2,0,Online,1
203931,55824,Motor,2491.96,1867,1,5,1,Phone,1
203932,53474,Motor,2166.38,2604,1,4,0,Phone,0
203933,55533,Home,5039.17,86,2,3,0,Online,1
203934,54285,Home,161.51,2110,2,2,0,Phone,1
203935,51500,Travel,3434.08,1032,0,4,1,Online,0
203936,53385,Motor,1390.78,1178,0,7,0,Online,0
203937,53855,Motor,3438.81,2378,0,5,0,Online,1
203938,51057,Home,2626.33,320,2,6,0,Online,0
203939,52918,Motor,993.57,3180,0,3,0,Online,1
203940,53660,Motor,2691.29,3382,1,2,1,Phone,1
203941,51318,Motor,2537.52,758,0,5,0,Broker,0
203942,50274,Home,689.92,3130,0,3,1,Phone,0
203943,53599,Home,1901.26,2639,0,2,0,Broker,1
203944,54193,Home,5470.12,540,0,2,0,Broker,0
203945,52588,Motor,3560.19,3296,2,5,0,Phone,0
203946,55329,Motor,828.28,1025,2,3,0,Broker,0
203947,55907,Motor,2428.0,2167,3,4,1,Online,0
203948,51127,Motor,7335.23,141,1,2,0,Online,0
203949,50721,Travel,967.09,897,2,1,0,Phone,1
203950,53272,Home,4386.24,2168,0,2,1,Online,0
203951,53370,Motor,8541.5,3378,1,6,1,Online,0
203952,51875,Home,3295.97,299,1,2,0,Phone,0
203953,52637,Motor,3855.29,3591,1,5,0,Online,0
203954,50516,Travel,2178.48,787,1,1,0,Broker,1
203955,50596,Motor,4212.8,707,2,3,0,Phone,0
203956,54104,Travel,2134.46,1192,1,4,0,Phone,0
203957,52837,Motor,886.13,2850,0,2,0,Broker,0
203958,53286,Motor,4214.25,1096,1,4,0,Online,0
203959,51326,Travel,1198.04,650,2,3,0,Online,1
203960,50908,Motor,4035.78,2104,0,5,0,Online,0
203961,52200,Motor,1951.69,173,1,3,0,Online,0
203962,53902,Home,1032.42,1947,0,4,0,Phone,0
203963,53123,Home,2700.27,2635,2,4,0,Phone,0
203964,55589,Motor,5517.06,837,1,0,1,Phone,0
203965,51043,Travel,2095.92,1573,1,6,0,Online,0
203966,50167,Home,1026.64,14,1,1,1,Online,0
203967,54561,Motor,489.19,2789,1,5,1,Phone,0
203968,50099,Motor,1025.58,3047,1,4,0,Online,0
203969,53558,Home,3651.34,2160,3,2,0,Broker,0
203970,53657,Motor,2057.65,3184,0,6,0,Phone,1
203971,53318,Motor,3176.45,2602,4,3,1,Online,0
203972,55572,Motor,934.68,3072,0,6,0,Phone,0
203973,55813,Home,1717.64,108,0,4,0,Online,0
203974,51771,Home,705.69,1588,0,2,1,Broker,0
203975,50836,Travel,751.32,351,0,4,0,Phone,0
203976,52068,Motor,758.34,3315,0,4,1,Online,0
203977,53970,Motor,3603.73,2601,3,4,0,Phone,0
203978,50252,Travel,2564.03,3424,4,5,1,Phone,0
203979,54722,Motor,3757.78,3629,2,7,1,Phone,0
203980,51151,Motor,1129.3,1394,0,5,1,Phone,0
203981,50155,Motor,2241.23,2910,2,4,1,Phone,0
203982,50480,Home,800.76,742,1,4,1,Online,0
203983,51408,Home,474.87,3538,1,8,0,Online,1
203984,54991,Motor,665.84,1314,3,1,0,Online,0
203985,54987,Travel,1810.03,295,1,7,0,Online,0
203986,53302,Motor,3787.44,919,3,5,0,Online,0
203987,50794,Home,3336.3,1875,2,3,0,Online,0
203988,53294,Motor,3663.05,1192,0,6,1,Phone,0
203989,55792,Travel,2388.13,3558,0,3,1,Online,0
203990,50123,Home,1883.38,3447,1,3,0,Broker,0
203991,55577,Motor,3479.97,2857,0,2,0,Online,0
203992,51972,Motor,3523.97,1621,1,1,0,Phone,0
203993,53590,Travel,2063.02,2361,2,0,0,Phone,0
203994,50094,Home,2258.26,3617,2,3,0,Online,0
203995,51240,Travel,3648.42,2095,0,2,0,Online,1
203996,53237,Home,3984.37,378,0,5,1,Online,0
203997,54594,Motor,1404.59,1749,0,4,0,Broker,0
203998,53853,Motor,3876.13,806,0,4,0,Broker,0
203999,52041,Home,2538.09,3125,2,7,0,Online,0
204000,52797,Motor,1201.64,3433,1,2,1,Phone,0
204001,53832,Home,1791.76,2095,2,2,1,Online,0
204002,53980,Motor,2872.04,3204,0,1,0,Online,0
204003,53633,Motor,3186.49,3232,0,3,0,Phone,0
204004,52940,Travel,3558.9,2800,1,3,0,Online,0
204005,54745,Motor,1600.81,3626,0,3,0,Broker,0
204006,53264,Motor,7375.35,3237,2,3,1,Phone,0
204007,53489,Home,1205.67,3217,0,0,0,Broker,0
204008,53962,Travel,1514.19,2635,0,5,0,Phone,0
204009,55743,Home,2560.96,2383,1,2,0,Online,0
204010,50594,Home,5881.97,3642,0,7,0,Online,0
204011,51619,Home,4751.39,2008,2,5,0,Online,0
204012,55511,Motor,1711.29,2995,0,5,1,Online,0
204013,51380,Home,346.2,2727,2,3,0,Online,0
204014,52999,Motor,956.87,736,1,3,0,Phone,0
204015,54030,Home,1774.69,2775,0,4,1,Online,0
204016,55534,Travel,2255.03,2239,1,2,0,Online,1
204017,53662,Motor,4284.82,2198,2,1,1,Online,0
204018,52440,Motor,10675.92,3488,0,7,1,Online,0
204019,53962,Motor,3573.67,959,1,8,0,Phone,0
204020,51827,Home,4724.04,2809,0,3,0,Phone,0
204021,52814,Motor,5138.03,1290,2,4,0,Phone,0
204022,52863,Motor,1436.9,3331,1,5,0,Broker,0
204023,53680,Motor,2021.64,2449,1,1,0,Online,0
204024,53987,Home,2476.5,2037,2,9,0,Phone,0
204025,52902,Motor,1794.04,396,2,8,0,Broker,0
204026,51708,Home,8476.75,1804,0,8,1,Broker,0
204027,51941,Motor,907.45,2221,0,5,1,Online,0
204028,53504,Motor,2842.88,1499,2,4,0,Online,1
204029,55083,Motor,3545.6,1683,2,4,1,Online,0
204030,52577,Motor,6867.74,2190,0,3,1,Phone,0
204031,54266,Home,861.45,2909,2,5,1,Phone,0
204032,50006,Motor,3687.58,2069,1,3,0,Phone,0
204033,54237,Travel,1195.54,2748,1,2,0,Phone,0
204034,52812,Motor,2256.94,3442,1,4,1,Online,0
204035,55660,Travel,2157.63,2752,1,5,0,Online,0
204036,52164,Motor,2008.81,2263,1,1,0,Online,0
204037,55258,Motor,362.76,3587,1,4,1,Online,0
204038,52554,Motor,2332.05,234,1,1,1,Phone,1
204039,53029,Motor,4683.05,1747,0,1,1,Phone,1
204040,53381,Travel,1074.98,3142,2,4,1,Online,1
204041,51987,Motor,602.92,823,2,4,1,Online,0
204042,50084,Motor,1786.12,2697,1,6,1,Online,0
204043,52682,Motor,702.05,3399,3,6,0,Online,1
204044,53967,Motor,2561.54,3042,2,4,0,Online,0
204045,54329,Motor,4861.61,1673,0,9,0,Online,1
204046,51743,Motor,4781.36,1577,2,1,0,Phone,0
204047,55102,Motor,1407.9,2041,4,5,0,Phone,0
204048,54749,Home,4470.81,3132,1,2,0,Online,0
204049,53368,Motor,2566.68,2196,3,5,0,Phone,0
204050,50880,Motor,1712.75,1051,0,6,0,Online,0
204051,53179,Home,6415.34,1569,2,11,0,Online,1
204052,55831,Home,817.9,559,1,2,0,Phone,1
204053,54106,Travel,4028.4,1771,1,3,1,Phone,0
204054,50339,Travel,2524.75,3266,2,3,1,Phone,0
204055,54723,Travel,8669.1,375,0,3,0,Online,0
204056,51958,Home,3760.98,1423,1,2,0,Phone,0
204057,52245,Motor,2331.71,888,3,8,0,Online,0
204058,55740,Motor,1254.78,1366,1,4,0,Online,0
204059,55584,Motor,4333.15,2232,2,3,0,Online,0
204060,53454,Motor,2900.64,2056,2,6,0,Phone,0
204061,54267,Home,2631.66,1079,3,3,1,Online,0
204062,51736,Motor,2794.53,2964,0,4,0,Online,0
204063,55423,Home,5514.11,3632,0,4,1,Online,0
204064,53330,Home,1057.16,1422,3,1,0,Broker,0
204065,51778,Motor,1861.69,1995,2,3,0,Online,1
204066,53961,Motor,1283.36,1031,0,4,0,Online,1
204067,54747,Motor,934.82,2493,0,4,0,Broker,0
204068,50204,Home,1900.1,3032,0,4,0,Online,0
204069,52308,Motor,1610.52,2463,1,4,1,Phone,0
204070,55499,Home,5339.3,2956,4,4,1,Phone,0
204071,50642,Home,1485.27,1045,0,1,0,Online,0
204072,54828,Home,7026.7,1368,2,2,0,Online,0
204073,50263,Motor,4071.55,3097,1,5,0,Online,0
204074,54000,Travel,1452.94,1242,3,1,1,Online,0
204075,50363,Travel,3562.15,1212,2,5,0,Broker,0
204076,55029,Motor,3502.69,1669,0,4,0,Online,1
204077,50918,Travel,2119.53,510,1,4,0,Phone,0
204078,55418,Motor,5874.96,2477,2,5,0,Phone,0
204079,51526,Home,3651.69,3347,2,2,1,Phone,0
204080,52854,Motor,2120.4,1661,0,2,0,Online,1
204081,51835,Travel,798.34,1732,0,2,0,Online,0
204082,51367,Motor,2315.57,2691,1,2,0,Online,1
204083,53621,Home,1800.93,1625,1,2,0,Phone,0
204084,51103,Motor,5563.96,3338,1,5,0,Phone,0
204085,53790,Motor,5981.0,2756,2,3,1,Online,0
204086,55703,Motor,1868.95,3103,1,2,0,Online,0
204087,51456,Motor,857.67,1860,1,3,1,Online,0
204088,54811,Motor,2133.69,157,1,5,0,Online,0
204089,53161,Motor,2198.23,776,0,4,0,Phone,1
204090,51697,Home,3222.75,3610,1,4,0,Phone,0
204091,53613,Motor,3443.33,2719,2,8,0,Online,0
204092,50192,Motor,1060.67,2238,0,5,0,Online,1
204093,55889,Home,482.36,687,0,7,0,Phone,0
204094,54665,Travel,3606.93,22,3,2,0,Online,0
204095,52100,Motor,4140.92,3025,2,1,0,Online,0
204096,54653,Motor,3548.86,20,1,4,0,Online,0
204097,54239,Motor,1385.6,660,0,1,0,Online,1
204098,54453,Home,4057.55,330,1,5,1,Broker,0
204099,53445,Home,358.07,1939,0,3,0,Online,0
204100,55162,Motor,5913.26,312,0,1,0,Online,0
204101,53930,Motor,838.54,1641,2,5,0,Online,0
204102,51942,Motor,6139.42,3194,2,3,0,Online,0
204103,50437,Travel,3781.88,1557,1,6,1,Broker,0
204104,53810,Motor,459.38,3580,0,5,0,Online,0
204105,50316,Motor,1649.0,2495,1,9,1,Online,0
204106,53205,Motor,2958.23,1484,1,2,0,Online,1
204107,55744,Motor,1639.71,2921,1,5,0,Online,1
204108,52011,Travel,2298.92,2174,1,6,0,Phone,0
204109,55584,Home,2125.26,2746,1,6,0,Online,0
204110,53228,Home,1158.07,1379,1,4,0,Online,0
204111,53053,Home,1555.39,1712,2,3,0,Online,0
204112,55948,Motor,2803.71,259,1,3,0,Phone,1
204113,52436,Motor,2887.77,1710,0,5,0,Online,0
204114,54064,Home,2696.74,180,3,7,0,Broker,1
204115,55116,Motor,5959.71,2415,0,4,1,Phone,1
204116,55243,Motor,3364.54,1179,1,2,0,Broker,1
204117,52779,Motor,681.48,2075,0,5,0,Phone,0
204118,53062,Home,83.16,1461,2,1,0,Phone,0
204119,54560,Home,1972.86,815,3,6,1,Online,0
204120,53477,Motor,3544.12,1291,0,3,0,Online,0
204121,55097,Home,3940.36,2792,2,3,0,Phone,0
204122,52144,Home,950.74,3462,0,2,0,Phone,0
204123,52941,Motor,1433.34,2302,1,2,0,Phone,0
204124,50223,Motor,4116.24,2714,0,2,1,Online,0
204125,50549,Home,2725.96,2293,1,5,0,Phone,0
204126,54449,Home,1997.77,1753,2,6,1,Online,0
204127,52978,Motor,148.91,1714,2,4,0,Phone,0
204128,53103,Motor,2205.26,251,0,3,0,Broker,0
204129,50889,Travel,642.38,2092,1,4,1,Online,0
204130,51617,Motor,1526.69,253,0,3,0,Online,0
204131,51246,Motor,1815.44,597,0,4,0,Online,1
204132,55595,Motor,1020.73,1750,3,5,0,Online,0
204133,54003,Motor,2700.61,3226,0,4,1,Online,0
204134,53543,Motor,2097.14,1442,0,3,0,Phone,0
204135,55058,Motor,5988.56,1509,2,3,0,Online,0
204136,54636,Travel,3039.77,2886,2,4,1,Online,0
204137,52586,Motor,3606.91,1588,1,3,0,Online,0
204138,50722,Motor,3552.73,3280,0,4,1,Online,0
204139,50080,Home,700.96,2686,1,2,1,Online,0
204140,52669,Travel,5071.2,1904,0,2,1,Broker,0
204141,55799,Motor,3856.88,2738,1,4,0,Online,0
204142,52893,Home,668.36,3492,1,3,0,Online,0
204143,53242,Motor,670.08,566,1,3,0,Phone,0
204144,51574,Home,5731.79,2363,0,2,1,Online,0
204145,53572,Home,3752.64,1354,2,4,0,Phone,0
204146,53580,Home,2051.21,2162,2,3,1,Online,0
204147,54899,Motor,3198.2,1688,0,4,1,Online,0
204148,50748,Motor,1473.42,1256,2,5,1,Online,0
204149,54615,Home,3384.55,3023,3,8,0,Online,0
204150,53583,Travel,980.52,452,0,3,0,Phone,0
204151,50647,Home,2052.14,1979,2,4,1,Online,0
204152,52724,Motor,480.3,1587,3,6,0,Online,0
204153,50690,Home,422.97,604,0,3,0,Online,0
204154,53963,Home,2004.1,1653,1,5,0,Online,0
204155,54605,Home,2029.2,149,1,4,0,Phone,1
204156,55722,Motor,1125.83,1162,2,1,0,Online,0
204157,53903,Motor,3608.37,3483,2,4,0,Online,0
204158,52826,Motor,1078.82,2027,1,5,0,Online,0
204159,53078,Motor,4803.41,1435,0,4,0,Online,0
204160,51105,Home,2593.99,3296,0,4,0,Phone,0
204161,54092,Home,3129.57,753,1,6,0,Phone,0
204162,54236,Home,1235.49,1695,1,5,0,Online,0
204163,53894,Travel,6222.55,1465,2,2,0,Online,0
204164,54775,Motor,1614.28,2020,1,2,0,Online,0
204165,55361,Motor,631.17,996,0,3,1,Online,0
204166,52241,Home,1278.64,3428,1,4,0,Online,0
204167,55338,Home,5024.22,2165,4,5,0,Phone,0
204168,53253,Home,1808.43,3302,0,2,0,Online,0
204169,54132,Motor,760.44,585,1,6,0,Phone,1
204170,53034,Motor,2929.82,3258,2,2,1,Phone,1
204171,53339,Travel,1079.5,2031,0,2,0,Broker,0
204172,55550,Motor,5458.55,2815,1,3,0,Online,0
204173,52033,Motor,4397.02,1331,0,4,1,Phone,0
204174,50038,Travel,2458.25,3080,0,2,0,Online,0
204175,54739,Home,1016.38,906,1,7,0,Online,0
204176,52629,Motor,1500.53,840,1,2,1,Broker,0
204177,53236,Travel,460.57,1029,3,6,0,Phone,0
204178,53226,Motor,2460.63,924,0,4,0,Online,1
204179,54419,Motor,1705.78,478,0,7,1,Online,0
204180,50354,Home,6010.84,277,0,5,0,Online,0
204181,55240,Motor,3997.96,2068,1,5,1,Online,0
204182,52947,Motor,2181.26,689,1,1,0,Online,0
204183,54992,Motor,1168.6,1157,0,10,1,Phone,0
204184,54466,Travel,338.04,2916,2,1,1,Online,0
204185,53710,Home,7483.16,2146,0,4,0,Online,0
204186,51576,Motor,1881.65,342,5,0,0,Phone,0
204187,50936,Home,1078.57,2028,1,3,0,Phone,0
204188,55669,Motor,2338.94,596,1,3,0,Online,0
204189,52067,Motor,1369.83,38,1,6,0,Online,0
204190,50540,Motor,5367.99,1919,1,5,1,Phone,0
204191,54539,Motor,3791.21,1816,2,3,0,Phone,0
204192,54102,Motor,3224.88,1394,4,6,0,Broker,0
204193,52218,Home,905.78,1539,0,4,0,Online,0
204194,53875,Travel,3159.26,3078,1,5,0,Broker,1
204195,50926,Home,3998.24,3624,1,2,0,Phone,0
204196,55509,Motor,5404.56,782,0,3,1,Phone,0
204197,50052,Home,1258.21,98,0,2,1,Online,0
204198,55494,Motor,6622.57,1437,1,4,1,Broker,0
204199,51613,Travel,3084.2,2500,0,0,1,Phone,0
204200,54599,Motor,2630.5,2018,1,5,1,Online,0
204201,51373,Home,1199.07,1495,2,2,1,Phone,0
204202,52641,Travel,1645.24,2813,1,3,0,Online,0
204203,55591,Motor,3260.14,2603,0,3,1,Broker,0
204204,55764,Home,2679.88,1735,0,2,0,Online,0
204205,53733,Motor,784.48,3200,0,5,0,Online,0
204206,55151,Motor,752.75,1171,3,5,0,Online,0
204207,52924,Home,1187.5,359,0,2,0,Online,1
204208,53686,Home,2097.0,1469,0,4,0,Phone,0
204209,54982,Motor,1643.17,3028,1,0,0,Broker,0
204210,54315,Motor,6193.08,1420,0,5,1,Online,0
204211,50369,Motor,2270.37,2931,1,7,0,Online,0
204212,51548,Motor,6817.44,2155,1,4,0,Phone,0
204213,52544,Motor,2239.67,361,1,6,0,Phone,0
204214,52967,Motor,1559.11,2396,1,1,0,Online,0
204215,50635,Home,1018.82,2044,2,3,0,Phone,0
204216,53654,Home,268.23,884,0,9,1,Phone,0
204217,50092,Travel,5555.95,645,1,6,0,Online,0
204218,52041,Home,2897.9,552,1,6,1,Phone,0
204219,52369,Home,4758.94,2736,1,3,0,Online,0
204220,50816,Motor,1137.85,1220,0,6,1,Phone,0
204221,51726,Home,1576.28,1962,0,6,1,Online,0
204222,50075,Motor,584.7,30,0,5,1,Phone,0
204223,50301,Home,1390.38,2274,2,5,0,Online,0
204224,55132,Motor,3682.14,3113,2,5,1,Online,0
204225,55338,Travel,356.91,3000,2,6,0,Online,0
204226,54589,Home,1872.33,2412,0,2,0,Phone,1
204227,53232,Motor,926.64,1740,1,4,0,Phone,0
204228,51087,Home,3011.7,911,1,2,0,Online,0
204229,55856,Motor,3770.65,871,1,3,0,Broker,0
204230,51887,Motor,1536.13,2202,1,6,0,Online,0
204231,55826,Home,1993.8,1229,3,3,0,Broker,0
204232,52117,Home,1378.71,2548,1,9,0,Broker,0
204233,52928,Motor,2791.61,1549,3,3,1,Online,1
204234,50087,Home,4605.08,3007,0,6,0,Online,0
204235,51065,Motor,5410.07,2572,4,4,0,Phone,0
204236,53471,Motor,1919.4,291,5,4,1,Broker,1
204237,54503,Motor,3440.18,1627,1,1,0,Online,1
204238,54008,Motor,1986.48,3078,0,3,1,Phone,0
204239,51110,Motor,1552.53,868,2,5,1,Online,0
204240,53759,Motor,1897.02,1875,2,7,1,Online,1
204241,55254,Home,3573.73,3024,0,4,1,Online,1
204242,51778,Home,1140.36,1588,3,4,0,Online,0
204243,50371,Home,1279.59,912,0,3,0,Phone,1
204244,53854,Motor,2797.32,3005,2,2,1,Online,0
204245,51731,Motor,675.61,3212,1,4,0,Online,0
204246,54753,Travel,5633.82,1581,3,3,0,Online,0
204247,55355,Travel,3200.55,2541,2,3,0,Phone,1
204248,52403,Travel,1727.97,2511,1,9,0,Online,1
204249,52964,Home,2127.27,2111,3,6,0,Online,0
204250,53716,Motor,1178.77,506,0,3,0,Phone,0
204251,54034,Motor,3293.68,1336,4,4,0,Phone,1
204252,50403,Home,5002.34,3203,0,5,1,Phone,0
204253,53410,Travel,2286.34,2643,0,6,1,Online,0
204254,54383,Motor,2413.37,2913,1,4,0,Phone,0
204255,51774,Home,2915.17,768,0,4,0,Phone,0
204256,50151,Motor,2080.64,3286,3,3,0,Online,1
204257,51512,Travel,2489.28,2089,2,1,1,Online,0
204258,54203,Motor,4176.32,181,2,3,0,Online,0
204259,50548,Home,4897.54,948,0,2,0,Online,0
204260,55512,Motor,4348.47,2743,3,7,0,Phone,1
204261,54199,Motor,500.79,362,0,4,1,Online,0
204262,54376,Motor,350.24,907,3,4,0,Online,1
204263,51713,Motor,2688.83,3154,1,2,1,Online,0
204264,52139,Home,3177.15,2622,3,3,0,Broker,0
204265,54476,Travel,3098.85,3435,0,1,0,Online,0
204266,50403,Motor,2052.87,370,0,5,0,Online,0
204267,50922,Motor,6095.63,2828,0,1,0,Online,0
204268,50330,Home,4135.05,3538,1,4,1,Phone,0
204269,51916,Home,1285.17,928,1,3,0,Online,0
204270,54258,Motor,3443.71,8,4,5,1,Online,0
204271,51410,Home,2216.39,2356,0,5,0,Online,0
204272,54110,Motor,3858.5,1102,0,4,0,Phone,0
204273,52091,Home,1689.84,2559,1,6,0,Phone,0
204274,50685,Travel,4982.44,844,3,3,0,Online,0
204275,54579,Home,2762.6,3175,1,7,0,Broker,0
204276,54589,Motor,3904.68,1194,0,1,0,Online,0
204277,50103,Motor,1117.02,2258,0,5,0,Online,0
204278,52452,Motor,1414.82,3290,0,7,0,Online,0
204279,50951,Motor,734.73,1047,3,1,0,Online,0
204280,54175,Motor,2433.78,1135,1,4,0,Phone,0
204281,50184,Motor,3687.04,2057,0,5,0,Phone,0
204282,54193,Motor,441.67,1997,1,3,0,Online,0
204283,50224,Home,2319.23,1453,0,5,0,Broker,0
204284,55693,Home,3408.31,2415,1,6,1,Broker,0
204285,54724,Home,5340.3,3599,2,1,0,Online,0
204286,50330,Home,731.04,3041,0,4,1,Phone,0
204287,55611,Home,2812.27,2693,0,3,0,Broker,1
204288,52949,Travel,2179.73,1508,0,6,0,Broker,0
204289,50818,Motor,5231.62,1876,5,8,1,Online,0
204290,55657,Home,2456.53,739,2,3,0,Phone,1
204291,53242,Home,3886.42,1052,1,3,0,Phone,1
204292,51145,Motor,8004.89,3519,1,2,0,Phone,0
204293,53661,Home,2889.31,715,2,3,1,Phone,1
204294,51264,Motor,8383.83,458,4,7,0,Online,0
204295,52399,Motor,64.14,3123,0,5,1,Online,0
204296,55181,Motor,703.5,174,1,2,1,Phone,0
204297,53619,Motor,2501.95,1364,2,7,1,Phone,0
204298,50577,Motor,1855.83,1488,1,2,0,Online,0
204299,54913,Motor,258.16,628,0,7,0,Phone,0
204300,51554,Home,4456.22,2973,2,3,0,Phone,0
204301,50069,Motor,1285.4,2939,2,4,0,Phone,0
204302,54910,Motor,545.73,2468,0,4,0,Phone,0
204303,53773,Motor,2096.59,1114,1,6,0,Phone,0
204304,53046,Home,1362.54,2807,0,3,0,Online,0
204305,54913,Motor,5429.11,1700,0,1,0,Broker,0
204306,50129,Travel,3906.24,1238,2,9,0,Online,0
204307,50728,Motor,2769.75,2321,0,4,0,Online,1
204308,53269,Home,7586.8,499,3,0,0,Phone,0
204309,50300,Motor,3474.83,1305,3,7,0,Broker,0
204310,55683,Motor,6163.45,2275,1,4,0,Online,1
204311,54190,Travel,556.69,540,0,7,0,Online,0
204312,50546,Home,947.84,2410,1,6,0,Online,0
204313,52598,Motor,1935.65,1082,1,2,0,Broker,0
204314,55074,Motor,3744.64,2229,0,2,0,Phone,0
204315,55212,Home,2422.39,1328,0,2,0,Phone,1
204316,54671,Motor,1330.56,2660,2,5,0,Phone,0
204317,55564,Home,4035.5,2166,0,2,1,Phone,0
204318,53984,Home,4541.4,2947,2,6,0,Online,0
204319,52274,Travel,1981.69,233,0,2,0,Phone,0
204320,51149,Home,2755.46,1295,0,4,1,Online,0
204321,50364,Motor,3724.89,2379,0,5,1,Phone,0
204322,53128,Home,1548.47,1464,1,5,1,Phone,0
204323,50995,Motor,3374.39,1508,0,7,0,Online,0
204324,51069,Motor,1412.19,2622,2,1,0,Online,0
204325,54211,Motor,3193.93,2113,0,5,1,Online,0
204326,52704,Travel,1297.19,2354,1,5,1,Broker,0
204327,53216,Home,1211.55,1760,2,6,0,Broker,0
204328,52371,Home,1737.48,1232,1,3,1,Phone,0
204329,51137,Travel,2165.04,823,1,1,1,Online,0
204330,50462,Travel,1780.47,2588,2,9,0,Phone,0
204331,54834,Travel,3917.56,724,1,2,1,Online,0
204332,55292,Motor,1811.61,2014,5,5,0,Online,0
204333,52397,Home,613.43,2192,0,6,0,Broker,0
204334,53190,Home,3779.74,1884,1,6,1,Online,0
204335,54226,Motor,3492.79,1936,1,2,1,Broker,0
204336,51235,Home,1053.15,1172,3,4,0,Phone,0
204337,52196,Motor,778.33,2428,1,1,0,Phone,0
204338,54237,Motor,1326.43,2203,2,3,0,Phone,0
204339,53325,Home,1283.08,2509,1,5,0,Online,1
204340,52325,Motor,2200.23,2745,0,4,0,Online,0
204341,52988,Home,1751.72,2675,1,3,0,Online,0
204342,54458,Home,791.76,3142,2,4,0,Online,0
204343,53551,Travel,976.21,2075,2,3,0,Online,0
204344,54281,Motor,1610.41,637,0,2,0,Phone,0
204345,51576,Motor,2670.26,1631,0,7,0,Phone,0
204346,52717,Motor,1893.66,2658,0,4,0,Online,0
204347,54360,Motor,2970.75,2411,0,4,1,Online,1
204348,51837,Travel,3446.01,844,1,3,0,Online,1
204349,55668,Travel,1601.13,556,2,3,0,Online,0
204350,50849,Home,4604.13,2099,0,3,0,Broker,0
204351,52411,Motor,3155.57,596,1,3,1,Phone,0
204352,50633,Motor,8432.67,583,0,10,0,Online,0
204353,54565,Motor,1889.77,1460,2,2,1,Broker,0
204354,52729,Motor,1580.71,3006,1,7,0,Online,0
204355,52560,Home,7329.14,1669,2,1,0,Online,0
204356,53127,Home,2690.66,2936,0,4,1,Phone,0
204357,50960,Motor,5472.29,2379,2,2,0,Phone,0
204358,55119,Motor,880.79,1092,0,5,0,Broker,0
204359,50224,Motor,1473.37,2111,3,4,0,Phone,0
204360,51137,Motor,5761.06,2496,0,4,0,Online,1
204361,52634,Motor,3310.73,333,1,3,0,Online,0
204362,50414,Home,1562.88,1561,3,4,0,Online,1
204363,55006,Home,2499.76,1853,1,5,0,Broker,0
204364,54409,Home,1672.85,2882,3,3,0,Phone,0
204365,50139,Home,1304.3,987,1,3,0,Phone,0
204366,55466,Motor,4355.67,971,0,3,0,Online,0
204367,50662,Motor,2660.4,2628,3,8,0,Phone,0
204368,52047,Motor,2500.57,769,2,5,1,Phone,0
204369,55603,Motor,1675.9,1646,1,5,0,Phone,0
204370,51084,Home,1888.56,1308,1,3,0,Online,0
204371,53671,Motor,2901.94,3005,2,3,0,Phone,0
204372,50783,Motor,3749.48,3026,0,1,0,Online,0
204373,50779,Motor,2882.84,805,2,5,1,Online,0
204374,51412,Motor,5509.01,863,3,5,0,Broker,1
204375,54032,Home,4185.31,3033,1,3,0,Phone,1
204376,55441,Motor,4403.96,1374,1,6,0,Broker,0
204377,50923,Travel,3146.78,1150,0,4,0,Broker,1
204378,50129,Home,829.58,2188,1,2,0,Online,1
204379,51374,Motor,3132.12,647,0,5,0,Online,0
204380,54101,Motor,3787.33,1310,3,6,0,Online,0
204381,51767,Motor,1538.23,427,0,4,0,Online,0
204382,52455,Motor,1549.0,3411,1,5,0,Online,1
204383,50720,Motor,1879.14,2043,1,7,0,Online,0
204384,52201,Travel,11172.18,837,3,1,1,Phone,0
204385,51274,Motor,2624.34,52,0,6,0,Broker,0
204386,51263,Home,1544.82,1168,1,1,0,Online,1
204387,50417,Home,771.75,2911,3,4,1,Online,0
204388,54321,Travel,385.47,1812,1,7,0,Phone,0
204389,55658,Home,3746.72,2073,1,5,0,Online,0
204390,52685,Travel,1895.54,403,0,2,0,Phone,0
204391,53278,Motor,2413.25,1331,1,6,1,Online,0
204392,52204,Motor,1798.13,1112,3,4,0,Phone,0
204393,55677,Motor,5844.13,26,3,3,1,Online,0
204394,53486,Motor,2940.64,2490,2,3,0,Online,0
204395,51922,Motor,1732.71,736,1,1,1,Online,1
204396,53933,Motor,741.4,295,0,6,0,Broker,0
204397,50618,Motor,2011.88,2406,1,5,0,Broker,0
204398,52392,Travel,5407.68,931,1,5,1,Broker,1
204399,52133,Home,3365.42,1781,0,4,0,Online,0
204400,55273,Motor,1566.27,1344,1,4,0,Online,0
204401,52503,Home,2479.54,229,1,3,1,Online,1
204402,51811,Home,3083.29,883,0,4,1,Broker,0
204403,52857,Travel,1794.35,2304,2,3,1,Online,0
204404,52286,Home,4574.41,714,3,4,0,Phone,0
204405,53305,Home,2166.21,313,3,5,0,Online,0
204406,50931,Motor,494.1,3530,1,4,1,Online,0
204407,51342,Travel,1190.39,83,2,6,0,Online,0
204408,55994,Home,1157.37,1035,2,5,0,Online,0
204409,53857,Home,772.84,2146,5,5,1,Broker,0
204410,54355,Home,3445.38,821,2,0,0,Phone,0
204411,50223,Home,1772.87,3432,2,4,0,Online,0
204412,51640,Motor,2525.97,805,2,3,0,Broker,1
204413,54681,Motor,3458.65,2020,0,5,0,Online,0
204414,53694,Travel,1763.59,885,1,5,0,Online,0
204415,53019,Home,3197.56,1588,0,1,0,Broker,1
204416,55844,Home,1946.6,195,1,6,0,Broker,0
204417,53125,Motor,702.81,3168,2,4,0,Online,0
204418,55505,Home,1320.4,3322,1,2,0,Phone,0
204419,50626,Motor,3870.81,808,0,2,0,Online,0
204420,50964,Home,1971.96,1370,2,4,0,Online,1
204421,50987,Travel,4067.63,2394,2,4,1,Online,0
204422,50298,Motor,1786.5,1083,0,4,0,Online,0
204423,51041,Travel,1713.99,3332,2,5,1,Broker,0
204424,55772,Motor,2005.94,2785,1,6,1,Phone,0
204425,52012,Home,2867.9,165,2,3,0,Online,0
204426,51196,Motor,977.97,2858,2,4,0,Online,0
204427,53218,Motor,4608.48,570,1,5,0,Broker,1
204428,52493,Home,1963.17,191,0,2,0,Online,0
204429,53050,Travel,431.26,1609,2,2,1,Online,0
204430,52388,Motor,4314.62,741,0,5,0,Broker,0
204431,51713,Motor,4314.57,3625,1,3,0,Phone,1
204432,55923,Travel,234.71,2725,0,3,0,Online,0
204433,50202,Home,457.44,1743,2,3,0,Phone,1
204434,52712,Home,967.31,662,1,6,0,Online,0
204435,51395,Motor,661.45,896,1,2,0,Online,0
204436,53544,Motor,617.32,3190,1,8,1,Phone,1
204437,54394,Motor,2340.65,3240,5,4,0,Broker,1
204438,50983,Travel,2653.1,1118,2,2,1,Broker,0
204439,52840,Motor,4048.51,1997,2,3,1,Online,0
204440,55643,Home,2256.45,638,0,3,1,Phone,0
204441,53268,Home,372.8,36,1,4,0,Online,0
204442,54609,Motor,3201.95,240,2,1,0,Online,0
204443,50210,Motor,2985.63,2882,1,5,0,Online,0
204444,52058,Travel,7994.98,113,1,3,0,Online,0
204445,51891,Motor,4889.74,1221,0,4,0,Broker,1
204446,51647,Motor,2273.0,1879,4,7,1,Phone,0
204447,55853,Motor,1208.83,2532,0,3,0,Online,1
204448,55069,Home,1283.68,1990,0,9,0,Online,0
204449,50216,Motor,3479.08,563,1,4,1,Phone,1
204450,53944,Home,1062.03,2325,1,3,1,Phone,1
204451,52255,Motor,4046.08,1385,1,4,0,Phone,1
204452,53622,Motor,1349.03,3049,0,8,0,Online,0
204453,54708,Motor,2694.43,140,2,4,0,Online,0
204454,50803,Home,666.75,2340,2,6,0,Online,0
204455,52838,Motor,1275.38,1544,0,2,0,Phone,0
204456,51275,Home,2205.51,2566,1,4,1,Online,0
204457,53190,Home,645.01,997,1,3,0,Online,0
204458,55055,Home,2052.87,1115,1,3,0,Online,0
204459,55493,Motor,4078.34,1313,1,4,0,Online,0
204460,51560,Motor,841.84,1158,1,5,0,Phone,0
204461,55725,Motor,1111.59,3230,0,6,0,Phone,0
204462,51286,Home,2076.2,2681,1,8,0,Online,0
204463,52304,Home,1740.53,2661,3,6,0,Online,1
204464,50210,Travel,1812.97,3286,3,5,0,Online,1
204465,51996,Motor,2971.95,3001,3,5,0,Online,1
204466,51354,Travel,2121.9,2369,0,3,0,Online,0
204467,53769,Home,6124.08,2829,1,1,1,Online,1
204468,50305,Motor,3378.7,1269,0,7,0,Online,0
204469,54513,Travel,3399.3,3503,2,3,0,Online,0
204470,51264,Motor,1066.93,657,0,7,0,Online,1
204471,51673,Motor,1199.8,2656,0,3,1,Broker,0
204472,53100,Home,2336.08,1653,1,1,0,Online,0
204473,52253,Home,3060.43,2199,0,4,1,Phone,1
204474,51311,Travel,3122.6,1128,1,3,1,Phone,1
204475,53941,Motor,1992.2,3452,2,6,1,Phone,0
204476,55247,Home,1532.87,1522,1,5,1,Online,0
204477,51526,Home,1245.21,2161,3,1,0,Online,1
204478,55829,Home,3126.83,1059,1,5,1,Phone,0
204479,54668,Motor,2375.34,444,0,2,0,Online,0
204480,55457,Motor,4486.76,689,2,1,0,Online,0
204481,54686,Motor,1483.54,2291,1,1,0,Phone,0
204482,50423,Motor,4521.18,1876,0,4,0,Broker,0
204483,50774,Home,7409.01,1616,0,5,0,Online,1
204484,55423,Home,2226.38,2064,0,3,0,Broker,0
204485,50555,Home,4158.61,1759,1,5,1,Online,0
204486,55930,Home,3724.73,2263,2,8,1,Broker,1
204487,51916,Home,1141.74,2002,2,4,0,Online,0
204488,54921,Motor,1332.88,3111,2,4,1,Phone,1
204489,50070,Motor,2255.84,1254,0,3,0,Online,1
204490,51046,Motor,3794.01,1331,0,6,0,Online,0
204491,51907,Travel,2572.99,3188,1,1,0,Phone,0
204492,53689,Home,3325.62,3110,1,9,0,Phone,0
204493,55685,Home,979.21,1048,0,5,0,Online,0
204494,50576,Motor,926.41,603,1,4,0,Online,1
204495,51061,Home,3844.67,2834,0,5,0,Online,0
204496,50159,Motor,5563.44,1432,2,3,1,Online,1
204497,53380,Motor,8747.34,1531,2,7,0,Online,0
204498,52496,Travel,727.48,870,0,4,0,Online,0
204499,52312,Home,1070.58,2692,1,1,0,Broker,0
204500,53280,Motor,3246.03,176,1,6,0,Broker,0
204501,50551,Home,3202.57,681,2,5,0,Phone,0
204502,54250,Home,4544.12,2430,2,4,1,Online,0
204503,51854,Home,986.33,2940,1,9,0,Online,0
204504,54978,Motor,1579.39,447,0,4,1,Phone,0
204505,55926,Home,413.55,2638,0,6,1,Phone,0
204506,50841,Motor,1985.52,1002,0,2,1,Online,0
204507,51817,Motor,1368.79,1170,0,2,0,Online,0
204508,53810,Motor,2165.3,3231,1,3,0,Online,0
204509,52646,Travel,1529.81,2624,1,2,0,Phone,0
204510,55314,Home,3437.12,487,0,5,0,Broker,1
204511,54114,Motor,1512.08,1226,0,2,0,Online,0
204512,51816,Motor,4922.66,956,0,5,0,Online,1
204513,54108,Home,617.43,2377,1,5,0,Phone,0
204514,54795,Motor,629.73,94,2,7,1,Phone,1
204515,54894,Travel,1311.62,1466,0,5,1,Online,0
204516,54019,Home,3699.06,2009,0,3,0,Online,0
204517,55370,Motor,5494.28,657,0,9,0,Broker,0
204518,53942,Home,1024.1,152,1,5,1,Online,0
204519,54257,Motor,2410.13,1840,0,1,0,Phone,0
204520,55277,Home,243.28,927,0,7,0,Phone,0
204521,54505,Motor,2315.25,1803,2,4,1,Phone,0
204522,50543,Travel,889.51,2268,0,5,1,Online,0
204523,51084,Home,3424.97,1258,1,5,1,Broker,0
204524,52824,Travel,6939.11,2360,0,4,0,Online,0
204525,51742,Home,2886.41,2524,1,5,0,Broker,0
204526,50383,Home,2895.86,1243,1,6,0,Online,1
204527,53023,Motor,1464.27,482,0,4,0,Online,0
204528,50569,Motor,101.25,3530,1,5,1,Online,1
204529,54050,Motor,1309.35,2291,0,6,1,Online,0
204530,50939,Motor,1794.75,1705,1,5,0,Online,0
204531,50253,Motor,9153.78,2666,0,1,0,Online,0
204532,50597,Home,2525.17,3120,1,1,1,Online,0
204533,51603,Home,1576.05,127,0,4,0,Online,0
204534,51987,Home,428.01,3331,0,7,0,Phone,0
204535,52640,Motor,3989.11,99,0,4,0,Phone,0
204536,54320,Motor,2712.86,2087,2,5,0,Online,0
204537,53367,Motor,1211.68,2254,0,4,0,Online,0
204538,50885,Motor,968.62,89,5,5,0,Phone,1
204539,52268,Motor,4592.37,2883,0,4,0,Online,0
204540,51477,Motor,1111.34,1435,0,2,0,Phone,0
204541,55682,Home,4415.26,802,1,5,0,Online,0
204542,51470,Home,1204.91,255,0,6,0,Phone,1
204543,53244,Motor,1982.32,1968,1,5,1,Online,0
204544,54258,Motor,2526.25,3135,1,3,0,Online,0
204545,53485,Home,1923.43,3248,0,0,1,Broker,0
204546,51649,Travel,3063.48,190,1,4,0,Online,0
204547,51056,Motor,728.21,3434,0,5,0,Online,1
204548,53715,Motor,3827.98,2396,1,6,0,Broker,1
204549,54936,Home,4588.37,2524,2,3,0,Broker,0
204550,55171,Motor,6266.56,1123,2,2,0,Online,0
204551,50410,Motor,2222.23,2400,2,4,0,Online,0
204552,54492,Motor,2441.28,2265,1,4,0,Online,0
204553,54407,Home,6003.94,1900,1,6,0,Phone,0
204554,55328,Motor,2453.84,1914,2,5,1,Phone,0
204555,54151,Motor,4873.57,3508,0,3,0,Broker,0
204556,55445,Motor,1044.5,1566,1,7,1,Online,1
204557,55952,Home,1905.27,133,1,0,0,Phone,0
204558,51710,Motor,257.46,1843,1,3,1,Online,0
204559,53268,Motor,945.6,368,3,2,0,Phone,0
204560,55011,Motor,290.66,1888,0,8,0,Online,0
204561,52474,Travel,4044.52,1788,0,3,0,Online,0
204562,55147,Motor,2909.79,2037,1,5,0,Online,0
204563,51904,Home,1831.65,616,1,5,0,Online,0
204564,50587,Motor,3706.05,3534,0,2,1,Online,0
204565,52745,Travel,1645.75,3573,0,6,0,Online,0
204566,52614,Motor,2642.66,2607,2,3,0,Online,0
204567,55628,Travel,2331.39,410,1,3,0,Broker,0
204568,54489,Home,1650.18,2012,1,7,0,Phone,0
204569,52363,Motor,1027.38,2638,0,3,0,Online,0
204570,51758,Motor,2838.53,1837,3,5,1,Online,1
204571,51894,Motor,4038.62,2312,2,1,1,Phone,0
204572,54652,Travel,4069.99,1765,0,3,0,Online,0
204573,53959,Home,1813.19,921,2,6,1,Phone,0
204574,53185,Home,1521.17,3167,1,4,1,Broker,0
204575,51141,Motor,1732.73,181,1,1,0,Phone,0
204576,50907,Home,1604.45,2768,1,5,0,Phone,0
204577,50399,Travel,367.59,1685,1,3,0,Online,0
204578,54850,Motor,4768.16,3319,0,4,0,Online,0
204579,52705,Travel,872.34,3580,0,5,0,Phone,0
204580,53295,Motor,1811.5,1272,1,4,1,Online,1
204581,53903,Travel,815.5,1868,0,7,0,Phone,0
204582,53938,Home,4462.6,1681,2,1,0,Phone,0
204583,51579,Home,3109.44,1541,2,6,0,Online,0
204584,55095,Motor,2630.42,2567,0,8,1,Online,0
204585,52686,Motor,1313.17,1410,1,2,0,Online,0
204586,53937,Home,767.25,587,1,2,0,Phone,0
204587,51106,Home,2516.3,2290,0,8,1,Online,0
204588,54708,Motor,2536.4,1278,1,4,0,Online,0
204589,55229,Home,1937.23,1061,1,3,1,Phone,0
204590,52130,Home,2201.6,1287,0,4,0,Online,1
204591,53795,Home,3749.1,2517,0,2,1,Broker,0
204592,52737,Home,1944.69,3239,0,8,0,Online,0
204593,51919,Home,1309.58,2703,0,3,1,Online,0
204594,54027,Home,2175.61,1227,1,4,0,Online,0
204595,54103,Home,1047.32,2448,1,3,0,Online,0
204596,52213,Home,1913.57,634,1,4,0,Online,0
204597,54108,Motor,1613.97,2204,3,6,1,Online,1
204598,51109,Home,2302.03,2192,2,3,1,Broker,0
204599,54965,Motor,607.22,1579,2,4,0,Broker,0
204600,51076,Motor,4015.91,2771,1,3,1,Online,0
204601,50156,Home,1398.96,2813,1,4,0,Broker,0
204602,54246,Home,2345.68,865,2,3,1,Online,0
204603,55949,Home,841.65,1079,1,5,0,Phone,0
204604,55700,Travel,667.5,3494,2,3,1,Broker,0
204605,50497,Motor,2765.87,1614,0,3,0,Broker,0
204606,53016,Home,3635.12,3434,0,2,0,Broker,0
204607,55526,Home,706.12,2546,1,3,0,Online,0
204608,51846,Motor,2527.89,3230,0,1,0,Broker,0
204609,53899,Motor,3967.34,895,2,3,0,Broker,0
204610,55302,Motor,2521.36,994,0,5,1,Online,0
204611,53798,Travel,2414.22,217,0,4,1,Phone,0
204612,55719,Home,2222.04,3184,4,1,1,Online,1
204613,50524,Motor,2976.0,1885,1,6,0,Online,0
204614,55922,Motor,3626.52,597,2,7,0,Online,0
204615,54233,Travel,625.34,1369,3,1,0,Broker,0
204616,50948,Motor,1325.13,1191,2,3,0,Online,0
204617,55935,Travel,4133.03,1352,0,0,0,Online,0
204618,53897,Home,1436.33,3566,3,2,0,Phone,0
204619,51733,Travel,1995.76,1581,0,2,1,Online,0
204620,54141,Home,1825.89,2154,1,4,1,Online,1
204621,53829,Home,3053.54,1045,2,3,1,Online,0
204622,54910,Travel,2686.83,2360,1,2,0,Online,0
204623,50749,Motor,3238.24,301,0,4,1,Phone,0
204624,53892,Motor,3243.56,2805,1,5,0,Online,0
204625,54617,Motor,2055.62,2510,0,4,1,Online,0
204626,53487,Motor,5128.67,543,0,3,1,Online,0
204627,52191,Home,1687.61,2752,2,2,0,Online,0
204628,52337,Motor,4191.44,1951,0,7,1,Phone,1
204629,54296,Home,1270.43,2404,1,3,0,Phone,0
204630,51958,Motor,1072.33,1208,1,7,1,Online,0
204631,55223,Travel,1181.75,2851,2,2,1,Broker,1
204632,53723,Motor,1654.14,3060,2,2,0,Phone,0
204633,52606,Motor,1488.94,3069,3,4,1,Online,0
204634,52112,Motor,3246.63,3534,0,7,0,Phone,1
204635,50478,Home,2391.09,142,1,2,1,Online,0
204636,54476,Motor,2407.83,695,0,2,0,Online,0
204637,55016,Motor,4064.66,2980,2,2,0,Online,0
204638,53600,Motor,1234.07,3527,1,5,0,Phone,0
204639,53931,Home,1786.25,447,0,3,0,Broker,0
204640,51189,Home,2011.39,2303,0,4,1,Online,0
204641,53981,Motor,2176.37,389,2,1,0,Online,0
204642,50884,Travel,1514.27,2727,0,4,0,Online,0
204643,53450,Home,1855.15,319,1,1,1,Online,0
204644,53129,Motor,819.45,2441,2,8,0,Online,0
204645,54276,Motor,795.09,2565,2,8,1,Broker,0
204646,54053,Home,3672.91,1460,0,3,0,Phone,0
204647,50750,Home,4532.52,2967,0,4,0,Phone,0
204648,51077,Home,4626.14,1257,1,2,0,Broker,0
204649,54759,Home,2357.4,2954,0,8,0,Phone,0
204650,55704,Home,2884.53,1830,1,4,0,Online,0
204651,52225,Motor,1470.26,948,1,5,1,Phone,0
204652,51256,Home,2803.13,2306,3,5,1,Broker,0
204653,55626,Motor,8275.04,2498,1,1,0,Online,0
204654,53518,Motor,1516.83,373,0,2,0,Phone,1
204655,54951,Travel,2000.74,2597,1,3,1,Phone,0
204656,52198,Motor,5972.48,84,2,1,0,Phone,0
204657,51659,Home,2439.82,1648,1,5,0,Phone,0
204658,50998,Home,977.62,3189,1,1,0,Phone,1
204659,50792,Motor,1730.76,415,1,6,1,Online,0
204660,52688,Home,791.86,3556,0,3,0,Broker,1
204661,54244,Motor,1516.17,2845,0,4,0,Phone,0
204662,50898,Home,2920.73,820,1,7,0,Online,0
204663,54170,Travel,1623.4,1141,2,5,0,Online,0
204664,50102,Home,2590.5,769,2,3,1,Online,0
204665,55163,Home,3776.5,3068,1,2,0,Broker,1
204666,55532,Motor,6199.83,410,0,7,1,Broker,0
204667,51594,Motor,1330.98,2745,0,4,0,Phone,0
204668,55535,Home,1453.24,3230,1,2,1,Phone,0
204669,55409,Travel,9397.55,769,0,7,0,Broker,0
204670,54105,Home,3669.04,2973,1,10,0,Online,0
204671,54007,Motor,3038.1,400,3,4,0,Online,0
204672,54711,Motor,893.42,2099,1,4,0,Online,0
204673,52558,Motor,347.93,1129,0,2,0,Online,0
204674,52525,Motor,1008.96,2230,1,4,0,Online,1
204675,53314,Motor,2418.5,878,0,7,0,Online,0
204676,54163,Home,5503.98,2843,2,7,1,Phone,0
204677,51616,Motor,3089.61,3392,1,2,1,Online,0
204678,52261,Home,3440.57,2761,3,6,0,Online,0
204679,54887,Motor,2644.18,715,3,4,0,Online,0
204680,50243,Home,2530.69,3231,1,6,0,Online,0
204681,53782,Home,2310.17,86,0,4,0,Online,0
204682,54725,Home,2640.4,3272,0,2,1,Online,0
204683,53286,Home,4633.02,52,1,4,0,Online,0
204684,50672,Motor,584.31,2958,1,3,0,Online,0
204685,55340,Motor,1520.21,1388,1,3,1,Phone,0
204686,52589,Travel,4257.75,568,1,5,0,Broker,0
204687,54927,Motor,2869.99,1540,0,6,0,Online,0
204688,51543,Motor,3139.35,848,1,4,0,Phone,0
204689,51254,Travel,2856.4,2548,1,3,1,Phone,0
204690,54070,Travel,847.91,1649,1,5,0,Online,0
204691,53238,Motor,5456.48,3352,3,2,0,Online,0
204692,51430,Travel,3484.62,1452,0,2,0,Phone,1
204693,53685,Home,1231.05,1219,1,3,0,Online,1
204694,54021,Home,4123.0,799,1,7,0,Online,0
204695,51520,Motor,990.37,2203,2,1,1,Online,0
204696,52001,Home,2442.54,2078,0,6,0,Online,0
204697,52345,Home,3343.37,2917,1,6,1,Online,0
204698,54592,Motor,7461.3,1669,1,3,1,Broker,0
204699,54852,Motor,2969.81,180,1,4,0,Phone,0
204700,55851,Motor,990.34,708,3,3,0,Online,0
204701,53051,Motor,2426.41,1604,0,3,0,Online,0
204702,51983,Travel,1916.01,1128,1,9,0,Broker,0
204703,53561,Motor,2628.46,1238,1,2,0,Broker,0
204704,50184,Motor,1519.82,1271,1,7,1,Online,0
204705,54615,Motor,4149.35,583,0,6,0,Broker,0
204706,52934,Travel,1556.67,1568,0,7,0,Phone,0
204707,52368,Motor,4554.38,363,1,2,1,Online,0
204708,50003,Home,1701.01,2873,1,3,0,Phone,0
204709,51266,Home,3178.63,3088,1,4,0,Phone,0
204710,50098,Home,3143.33,2319,1,6,0,Online,0
204711,51697,Motor,691.16,1157,2,9,0,Phone,0
204712,53924,Motor,2792.55,939,1,2,1,Online,0
204713,54636,Motor,1177.9,1328,1,5,0,Broker,0
204714,53181,Motor,1279.31,3509,2,5,0,Online,1
204715,53548,Motor,3335.09,218,1,4,0,Online,0
204716,51797,Home,2697.8,1147,0,7,1,Broker,0
204717,55723,Motor,964.87,254,2,5,1,Broker,0
204718,53894,Home,4168.14,1977,0,3,0,Online,0
204719,54469,Motor,2316.24,2978,2,4,0,Online,0
204720,53537,Home,2722.13,1866,3,9,0,Phone,1
204721,51292,Motor,2923.09,1457,2,4,1,Online,0
204722,54708,Motor,808.31,1111,3,3,1,Online,0
204723,52417,Motor,2615.96,1923,3,1,0,Phone,0
204724,54938,Motor,2686.81,1045,2,2,0,Online,0
204725,50539,Home,3868.03,1456,1,3,0,Online,0
204726,53978,Home,201.69,1454,0,2,0,Online,0
204727,50357,Motor,1717.52,606,1,4,0,Phone,0
204728,51462,Travel,4250.45,1469,0,5,0,Phone,0
204729,55272,Home,3017.42,2700,2,2,0,Online,0
204730,51419,Travel,3342.02,2975,1,6,0,Broker,0
204731,55394,Home,1557.44,1123,1,5,0,Online,1
204732,54736,Motor,976.58,1039,0,4,0,Online,0
204733,55842,Motor,2277.51,1747,0,4,0,Phone,0
204734,55819,Motor,2251.38,3099,1,7,0,Online,0
204735,55357,Motor,1968.8,661,2,8,0,Online,0
204736,51820,Motor,6127.31,117,0,2,1,Phone,0
204737,54411,Home,2512.88,1635,2,5,0,Phone,0
204738,51795,Home,2272.42,950,1,6,0,Online,0
204739,55647,Home,3973.89,694,1,3,0,Online,0
204740,52723,Home,1225.46,3513,4,0,0,Online,0
204741,55007,Motor,1309.54,2001,1,5,0,Phone,1
204742,52932,Motor,1210.34,1487,0,5,0,Online,0
204743,51617,Travel,319.66,2053,1,2,1,Online,0
204744,50165,Motor,2093.26,1116,1,2,1,Online,0
204745,51405,Travel,3229.16,2789,1,3,0,Phone,0
204746,50998,Home,1214.8,992,0,3,0,Phone,1
204747,51279,Motor,2754.98,1825,0,3,0,Phone,0
204748,53131,Motor,1793.97,839,2,2,0,Online,0
204749,51653,Motor,2230.88,3453,2,1,0,Phone,0
204750,55074,Motor,1692.09,1337,0,2,1,Broker,0
204751,50153,Motor,4828.77,3019,4,5,0,Online,0
204752,50366,Home,1864.4,1241,2,5,0,Online,0
204753,50128,Motor,2683.32,2475,2,3,0,Phone,0
204754,52000,Motor,4623.22,2505,0,7,0,Online,0
204755,50020,Motor,764.55,507,3,4,0,Online,0
204756,50484,Travel,1599.93,657,1,5,0,Phone,0
204757,54754,Motor,1467.51,573,0,5,0,Phone,1
204758,50012,Motor,3821.0,2005,3,4,0,Online,0
204759,55322,Home,4107.78,638,1,2,0,Online,0
204760,51431,Home,2461.55,2676,0,5,0,Online,0
204761,53798,Travel,3136.03,1474,1,11,0,Online,0
204762,52910,Home,2160.63,2749,0,3,1,Online,0
204763,52390,Motor,3666.59,3177,0,4,0,Online,0
204764,55990,Motor,1495.49,59,1,3,0,Phone,0
204765,54144,Motor,921.82,1899,3,3,1,Phone,0
204766,54668,Home,1838.37,1551,1,1,0,Online,0
204767,52950,Home,1883.38,484,0,8,0,Online,0
204768,51693,Motor,2344.34,2150,0,4,0,Phone,0
204769,51030,Motor,2675.73,2822,0,5,0,Online,1
204770,53605,Travel,2528.49,1240,0,0,1,Online,1
204771,54067,Home,3988.5,1814,0,5,1,Phone,0
204772,50684,Home,439.17,3437,1,3,0,Phone,0
204773,51411,Home,5508.77,748,1,1,1,Phone,0
204774,54044,Travel,1231.1,1226,2,5,0,Phone,0
204775,55949,Home,3182.76,3035,1,9,1,Phone,0
204776,55201,Home,1652.5,3140,1,4,1,Online,0
204777,50961,Motor,3040.39,1249,1,2,0,Broker,0
204778,54439,Motor,922.58,2462,2,4,0,Online,0
204779,52557,Motor,2555.28,2899,0,3,0,Online,0
204780,53675,Motor,1007.18,2519,1,4,0,Online,0
204781,50077,Home,2383.63,1829,0,4,1,Phone,0
204782,51676,Home,2601.56,271,1,5,1,Online,0
204783,52623,Home,1383.76,2230,0,5,1,Online,0
204784,55328,Motor,2093.1,2572,0,6,0,Online,0
204785,54841,Home,1497.97,2699,0,6,0,Online,0
204786,55566,Home,1554.05,590,0,4,0,Phone,0
204787,54634,Motor,3073.97,2810,0,7,0,Broker,1
204788,54033,Motor,7531.79,2407,1,5,0,Online,0
204789,50440,Motor,3174.33,571,1,2,0,Online,0
204790,53802,Motor,7181.19,3518,0,4,0,Phone,0
204791,55155,Home,4808.08,1689,1,3,0,Online,0
204792,51805,Motor,2051.98,3385,0,4,0,Phone,1
204793,53456,Motor,3431.49,3631,2,2,0,Phone,0
204794,54473,Home,1393.91,589,1,5,1,Phone,0
204795,52440,Motor,1232.89,3400,1,5,0,Phone,0
204796,51637,Home,2242.3,2793,0,2,0,Phone,0
204797,51283,Motor,2025.74,3063,0,4,0,Online,0
204798,52635,Motor,3527.94,3003,0,2,0,Online,0
204799,53404,Motor,3474.55,64,2,5,0,Online,1
204800,54214,Home,1038.43,180,1,3,0,Phone,0
204801,53188,Travel,4301.61,3108,1,3,0,Phone,0
204802,50150,Motor,1124.98,2089,2,4,0,Online,0
204803,54408,Home,3410.84,403,0,4,1,Online,0
204804,52190,Motor,2913.83,1656,0,1,1,Online,1
204805,51688,Motor,2292.48,3248,1,0,0,Phone,1
204806,54300,Motor,1219.19,2180,0,2,0,Phone,0
204807,54002,Home,3443.35,724,1,5,0,Online,1
204808,52877,Travel,4912.82,179,0,5,0,Online,1
204809,51607,Motor,2468.69,2652,0,3,1,Online,0
204810,54441,Motor,2741.94,1934,0,2,0,Broker,0
204811,50554,Home,3851.52,3403,0,3,0,Phone,0
204812,53104,Motor,967.59,1387,2,8,1,Broker,0
204813,52940,Motor,2779.01,1068,0,2,0,Broker,0
204814,52810,Motor,1418.5,2970,0,3,0,Phone,0
204815,52079,Home,1474.3,1967,1,4,1,Broker,0
204816,51844,Home,949.68,44,1,4,0,Online,0
204817,53969,Home,774.23,3542,0,6,1,Broker,1
204818,51189,Travel,1958.83,1208,3,4,0,Online,1
204819,52287,Motor,4634.95,261,4,4,1,Broker,0
204820,53052,Home,2315.03,2824,2,6,0,Online,0
204821,55136,Home,4798.45,193,0,2,0,Phone,0
204822,55320,Motor,1193.69,2357,1,1,0,Broker,0
204823,55733,Motor,4432.64,3611,4,5,0,Online,0
204824,54893,Motor,3666.01,473,1,5,1,Online,0
204825,55124,Travel,1742.94,957,1,3,1,Phone,0
204826,52751,Home,841.59,2325,0,4,0,Online,0
204827,55380,Home,3560.53,356,1,5,0,Online,0
204828,53695,Motor,5306.93,2153,3,4,0,Phone,0
204829,55962,Home,2133.33,3540,2,4,0,Phone,0
204830,54940,Motor,3939.57,2740,0,5,1,Broker,0
204831,54495,Home,10253.44,865,0,4,0,Online,0
204832,51410,Home,2133.89,3255,0,4,0,Online,0
204833,55873,Motor,1035.68,3285,0,3,0,Phone,0
204834,50284,Motor,886.9,2583,1,4,0,Online,1
204835,54195,Motor,428.12,756,1,3,0,Online,0
204836,51206,Home,5332.81,3227,3,5,0,Broker,0
204837,51618,Motor,2467.39,127,4,1,0,Online,0
204838,54256,Motor,8506.0,1369,3,3,1,Broker,0
204839,51377,Home,1850.75,3319,0,4,0,Online,0
204840,54326,Home,906.13,253,1,5,0,Online,0
204841,54014,Motor,891.97,763,1,4,0,Broker,1
204842,52833,Home,2202.62,3191,3,1,1,Phone,0
204843,53858,Home,3104.2,359,0,3,0,Online,0
204844,53121,Motor,1582.84,2440,1,2,0,Phone,1
204845,53513,Home,5468.92,568,1,7,0,Phone,0
204846,53956,Home,3184.96,2604,5,4,1,Online,0
204847,55157,Motor,6064.74,2085,3,6,0,Online,0
204848,55485,Home,2370.03,2469,2,8,1,Phone,1
204849,53821,Home,1962.15,3311,1,3,0,Broker,0
204850,54890,Travel,1971.09,3370,1,6,1,Phone,1
204851,53818,Home,1530.51,2811,0,5,0,Phone,0
204852,50683,Motor,1678.34,2987,1,2,1,Phone,0
204853,55301,Home,2238.13,1500,1,5,0,Broker,1
204854,50170,Motor,789.64,2901,1,5,0,Phone,1
204855,50478,Motor,4067.84,946,2,5,0,Broker,0
204856,53422,Home,1904.99,2499,0,1,0,Online,0
204857,50728,Motor,4785.42,770,1,2,1,Online,1
204858,52874,Home,1815.75,955,0,1,0,Phone,0
204859,54360,Travel,999.96,1044,1,1,1,Online,0
204860,55334,Travel,699.57,2067,1,9,0,Online,0
204861,50133,Home,4024.02,3466,0,6,1,Broker,0
204862,53380,Home,2835.04,1501,1,8,1,Phone,0
204863,50217,Motor,2689.53,2201,1,4,0,Online,0
204864,55438,Motor,2436.67,3106,2,6,0,Online,0
204865,51526,Home,1108.35,438,0,3,0,Online,0
204866,51193,Home,3873.24,1363,1,5,1,Broker,1
204867,50322,Motor,1318.77,1114,1,4,1,Phone,0
204868,51877,Travel,1062.92,1939,2,4,1,Broker,0
204869,50192,Travel,4024.16,401,1,0,0,Online,1
204870,53904,Motor,1741.23,3239,0,5,0,Online,0
204871,55719,Home,623.46,1550,1,3,0,Phone,0
204872,54873,Motor,1660.35,1758,0,4,0,Online,0
204873,54831,Home,637.88,3082,1,7,1,Broker,0
204874,55073,Travel,1465.41,1883,0,4,0,Broker,0
204875,54988,Motor,6538.15,186,1,1,0,Phone,0
204876,50349,Motor,4204.21,2787,1,2,0,Phone,0
204877,51783,Motor,1681.46,174,2,6,0,Online,0
204878,52601,Motor,10146.8,623,1,4,0,Broker,0
204879,53212,Travel,3568.47,1364,2,3,0,Phone,0
204880,53209,Travel,2395.93,1895,0,2,1,Online,0
204881,50367,Motor,1386.45,2394,1,1,1,Online,1
204882,53843,Motor,1461.42,1988,0,2,0,Broker,0
204883,51368,Motor,2675.9,2201,1,3,1,Online,1
204884,53278,Motor,1649.53,394,2,0,0,Phone,1
204885,50633,Motor,433.33,785,1,3,0,Broker,1
204886,53354,Home,2726.84,27,1,5,0,Phone,1
204887,55629,Home,808.25,2100,1,4,1,Phone,0
204888,50555,Motor,3140.04,3551,2,0,0,Online,0
204889,51344,Motor,2297.69,852,1,2,0,Online,0
204890,53862,Motor,2791.4,2068,0,3,1,Phone,1
204891,50836,Home,1731.6,3511,2,1,1,Online,0
204892,50840,Motor,2580.37,1226,2,8,0,Online,1
204893,54456,Motor,2113.14,1840,0,6,0,Online,0
204894,53067,Motor,1873.59,2523,1,2,1,Phone,0
204895,52752,Motor,3777.29,2540,1,3,1,Phone,0
204896,55022,Motor,1705.2,2566,1,5,0,Phone,0
204897,54252,Home,1085.04,3278,2,4,0,Online,0
204898,54640,Travel,2616.74,1871,1,4,1,Phone,1
204899,53048,Home,1001.22,750,0,6,1,Online,0
204900,52156,Travel,2422.58,2622,2,12,1,Online,0
204901,51946,Home,2962.58,1565,0,3,0,Online,0
204902,52032,Travel,1011.33,1328,1,4,1,Online,0
204903,50860,Motor,2935.25,2190,1,4,0,Online,0
204904,51452,Home,3070.73,2243,1,6,0,Phone,0
204905,55934,Motor,3973.91,1914,2,3,0,Online,0
204906,55429,Motor,815.14,3071,0,3,0,Online,0
204907,54664,Motor,2437.31,1173,0,2,0,Phone,0
204908,55944,Motor,684.99,1712,2,9,1,Online,0
204909,50606,Motor,2295.24,2281,1,4,0,Phone,0
204910,53367,Home,6108.02,1097,0,4,0,Online,0
204911,55653,Motor,2425.42,2797,0,4,1,Broker,1
204912,55620,Home,3772.66,3321,1,6,0,Broker,0
204913,50571,Motor,1932.25,120,1,2,1,Online,0
204914,53241,Motor,480.47,3241,0,3,0,Online,0
204915,55548,Motor,1818.47,2370,0,9,0,Broker,0
204916,55624,Home,1557.87,181,2,6,0,Online,0
204917,52602,Motor,566.65,3011,1,1,0,Phone,1
204918,54300,Travel,285.61,2473,1,2,0,Broker,0
204919,51875,Motor,1159.44,2000,1,2,0,Phone,0
204920,53835,Motor,4284.07,262,1,0,0,Online,0
204921,53942,Motor,5677.57,228,1,0,0,Phone,0
204922,53606,Home,3768.63,1399,1,2,0,Phone,0
204923,54555,Motor,1628.07,119,2,5,0,Online,0
204924,53613,Home,3124.69,889,3,5,0,Online,1
204925,50458,Motor,1135.99,2417,1,1,1,Online,0
204926,54770,Home,3354.78,3014,1,3,0,Phone,0
204927,54668,Motor,2727.88,3575,1,7,0,Broker,1
204928,51046,Home,3353.04,879,1,5,0,Phone,1
204929,54015,Motor,2755.21,1543,2,5,0,Phone,0
204930,54950,Home,5683.24,3606,2,3,0,Phone,0
204931,51678,Travel,4030.01,2951,2,5,0,Phone,1
204932,52040,Motor,4050.35,1620,1,4,0,Phone,0
204933,53561,Motor,4113.53,368,0,2,0,Broker,0
204934,51088,Motor,5401.22,2691,1,4,1,Broker,0
204935,54032,Home,1783.76,2543,1,4,0,Phone,0
204936,55599,Motor,3859.17,1948,1,2,0,Online,0
204937,52522,Motor,714.86,2374,0,1,0,Broker,0
204938,54729,Motor,2267.32,125,2,6,0,Online,0
204939,50686,Travel,1499.34,3155,2,5,0,Online,1
204940,54079,Motor,386.64,1513,0,4,0,Broker,0
204941,51199,Motor,3107.31,2955,2,4,1,Online,0
204942,52091,Motor,2640.53,996,1,4,0,Online,0
204943,51905,Motor,942.79,492,2,5,1,Online,0
204944,51933,Travel,3501.46,3039,3,3,1,Online,0
204945,51930,Motor,3693.41,855,1,1,0,Online,0
204946,55469,Motor,2275.21,1602,1,5,0,Online,0
204947,55999,Home,3942.07,2396,0,3,0,Online,0
204948,54155,Motor,1927.76,2,1,5,0,Online,1
204949,55329,Home,1998.88,1074,1,2,0,Phone,1
204950,50943,Motor,3031.47,2384,3,4,0,Phone,0
204951,54910,Home,4714.49,2353,1,2,1,Online,0
204952,52686,Home,1524.77,255,1,6,0,Online,1
204953,54576,Motor,1315.64,1015,1,5,0,Broker,0
204954,50296,Motor,290.13,1605,1,3,0,Online,0
204955,50025,Motor,3256.05,813,2,4,1,Phone,0
204956,51347,Motor,1148.35,2283,1,3,0,Online,0
204957,52851,Home,1430.04,1793,0,3,0,Broker,0
204958,54588,Motor,451.79,657,0,9,1,Phone,0
204959,50162,Home,4389.2,2736,1,0,0,Online,1
204960,52204,Home,5801.07,2393,2,2,1,Online,1
204961,53802,Home,2353.71,2552,1,4,0,Online,1
204962,54439,Travel,2676.22,1431,2,0,1,Online,1
204963,54614,Travel,1392.0,2416,2,1,1,Online,0
204964,50982,Motor,1691.29,2272,1,3,1,Online,1
204965,50854,Home,2680.08,1887,1,1,0,Phone,0
204966,52892,Home,1496.22,563,1,5,1,Online,1
204967,51872,Motor,2031.33,848,1,3,1,Online,0
204968,52905,Motor,393.78,1130,0,7,1,Phone,0
204969,50799,Home,2070.28,581,3,5,1,Online,1
204970,52711,Home,3632.35,166,0,3,0,Online,0
204971,53703,Home,704.1,382,2,1,1,Online,0
204972,51131,Motor,1134.59,1515,1,8,0,Online,1
204973,50522,Home,4172.21,1276,2,1,0,Online,0
204974,53785,Home,2095.33,876,0,6,0,Phone,0
204975,52016,Home,2152.42,1647,2,2,0,Online,1
204976,55238,Home,5577.3,1756,2,4,0,Online,1
204977,53264,Travel,3186.52,652,1,1,0,Broker,0
204978,55308,Home,2983.02,3053,2,8,1,Online,0
204979,51366,Motor,4357.67,704,1,8,0,Phone,1
204980,50926,Home,487.68,1409,0,3,0,Broker,1
204981,54295,Motor,1355.58,1984,2,4,0,Online,0
204982,54733,Travel,2599.71,250,0,8,1,Broker,0
204983,51224,Motor,355.7,2890,3,6,0,Online,1
204984,55134,Motor,304.23,57,1,4,1,Online,1
204985,54303,Home,762.6,1969,3,6,1,Online,0
204986,53291,Home,4146.41,642,0,4,0,Online,0
204987,52303,Home,1452.92,1287,1,6,0,Online,0
204988,53980,Home,1263.56,1990,0,3,0,Online,1
204989,50199,Home,2991.14,1431,2,1,0,Broker,0
204990,52622,Travel,1414.09,655,0,2,0,Online,0
204991,55927,Home,1283.8,2862,5,5,0,Online,0
204992,55367,Motor,3880.79,1317,1,8,0,Online,0
204993,55657,Motor,3833.72,3443,1,2,1,Online,0
204994,52325,Travel,507.19,1064,0,6,0,Phone,0
204995,51638,Motor,977.24,1828,1,2,1,Phone,0
204996,53820,Motor,1726.28,267,1,6,0,Online,0
204997,51079,Motor,4246.58,2326,2,2,1,Online,0
204998,53139,Motor,2586.46,2906,0,4,0,Phone,0
204999,54534,Motor,1641.4,1329,1,4,1,Broker,0
205000,52044,Motor,3124.5,2236,0,3,0,Online,1
205001,52446,Travel,1600.61,2291,1,3,0,Online,0
205002,55932,Motor,717.29,1186,0,5,0,Phone,0
205003,50068,Motor,3309.19,298,1,3,0,Online,0
205004,55759,Home,3300.55,2717,2,5,0,Online,1
205005,52206,Motor,780.53,1506,0,4,1,Broker,0
205006,53885,Motor,3252.49,3348,2,3,0,Online,0
205007,50624,Home,1006.36,2275,1,7,0,Online,0
205008,50720,Home,974.39,2405,2,5,1,Phone,1
205009,51110,Motor,2149.9,1186,1,5,0,Phone,0
205010,50678,Motor,2701.35,2627,0,8,0,Broker,0
205011,51634,Motor,2506.57,2992,1,1,1,Broker,1
205012,50944,Home,898.74,629,1,7,0,Broker,0
205013,55537,Home,1444.23,324,0,4,0,Phone,0
205014,53451,Home,2295.92,2182,2,3,0,Online,0
205015,52588,Motor,695.25,3369,3,1,1,Phone,0
205016,53664,Motor,596.36,2981,1,3,0,Online,0
205017,55573,Travel,598.96,3156,2,5,0,Online,0
205018,54384,Motor,520.79,1937,1,3,1,Online,0
205019,51776,Motor,1748.34,3151,3,5,1,Phone,0
205020,53411,Motor,1508.52,3465,2,3,0,Online,0
205021,51787,Motor,4928.12,314,0,4,0,Phone,0
205022,54943,Motor,115.65,3604,0,8,0,Broker,0
205023,51461,Motor,4184.16,3551,1,5,0,Phone,1
205024,51283,Motor,513.48,874,1,0,0,Broker,0
205025,53882,Home,464.98,599,2,2,0,Online,0
205026,54742,Travel,1417.48,325,2,5,1,Online,0
205027,51101,Motor,733.94,2627,2,4,0,Phone,0
205028,51185,Motor,1738.8,1603,3,4,0,Online,1
205029,55519,Home,1926.34,698,1,3,0,Online,0
205030,55055,Motor,2817.97,1601,0,5,0,Phone,0
205031,53930,Home,2753.58,1541,0,3,0,Broker,0
205032,51256,Travel,1152.49,1517,1,3,0,Online,0
205033,51887,Motor,2426.79,456,0,3,1,Online,0
205034,53404,Motor,1151.28,433,1,4,1,Online,0
205035,55587,Home,668.07,2909,0,3,0,Online,0
205036,50679,Motor,7410.04,2174,0,4,0,Broker,0
205037,55038,Motor,3162.06,2047,1,7,0,Phone,1
205038,53096,Home,1757.88,61,0,5,1,Phone,0
205039,55395,Home,604.26,384,0,4,0,Online,0
205040,51580,Home,1610.6,3043,0,5,0,Broker,0
205041,55128,Motor,548.87,1804,0,6,0,Phone,0
205042,51086,Motor,5816.56,871,1,4,1,Online,1
205043,55203,Motor,3163.41,2845,2,4,0,Online,0
205044,53430,Home,4328.07,2985,0,1,1,Phone,1
205045,54691,Motor,3408.12,609,3,4,0,Online,0
205046,51685,Home,1843.11,2343,0,4,0,Online,1
205047,51939,Motor,3961.48,1056,2,4,0,Online,0
205048,50130,Home,1379.69,2624,2,6,0,Online,0
205049,50944,Travel,426.97,282,1,2,0,Online,1
205050,52027,Home,437.18,280,2,5,0,Online,0
205051,54645,Home,1008.4,735,2,3,1,Phone,0
205052,55244,Motor,5639.49,1314,1,1,0,Online,0
205053,54978,Motor,1851.38,2761,0,5,0,Online,0
205054,54652,Home,7205.53,3361,2,2,1,Broker,1
205055,55810,Home,6504.76,1293,0,6,0,Broker,0
205056,52930,Home,2077.45,926,0,4,0,Phone,0
205057,53576,Motor,1447.55,3211,0,1,0,Online,0
205058,52777,Motor,1184.96,1719,1,2,0,Phone,0
205059,52796,Motor,2033.96,2840,0,2,1,Broker,1
205060,50242,Home,4742.25,1264,3,4,0,Online,0
205061,51567,Motor,3121.88,947,1,6,0,Phone,0
205062,53437,Home,3695.29,3559,1,4,0,Online,1
205063,53318,Motor,5986.72,1863,0,3,1,Broker,1
205064,52879,Home,8951.97,2830,3,4,0,Broker,0
205065,55794,Motor,2722.3,1755,1,5,1,Online,0
205066,55707,Motor,2913.18,1298,2,6,0,Broker,1
205067,53270,Home,1695.92,3310,0,3,0,Online,0
205068,50348,Motor,760.34,1854,2,9,1,Phone,0
205069,50545,Home,2377.59,526,3,4,0,Phone,0
205070,54264,Motor,1368.08,859,3,10,1,Online,0
205071,54360,Motor,5693.87,2337,0,3,1,Phone,0
205072,52167,Motor,2271.25,2059,0,5,0,Phone,0
205073,55973,Motor,5511.54,3204,6,0,1,Online,0
205074,53417,Motor,295.26,1958,1,4,0,Phone,0
205075,54573,Motor,1598.64,69,2,14,0,Online,0
205076,52803,Motor,9815.99,2372,0,5,0,Phone,0
205077,52650,Motor,2485.27,3328,0,2,0,Phone,0
205078,51345,Home,2546.05,3472,2,6,0,Online,0
205079,50169,Home,3169.57,3624,1,7,0,Online,1
205080,55606,Travel,3249.55,2164,2,2,0,Online,0
205081,53932,Travel,7900.88,2238,1,1,1,Online,0
205082,50898,Home,1818.54,2565,2,8,0,Online,0
205083,50402,Motor,569.05,2219,3,3,0,Online,1
205084,53018,Home,1282.61,1573,0,4,0,Online,0
205085,51711,Travel,2382.74,1973,1,6,0,Broker,0
205086,50205,Travel,1292.88,3131,1,5,0,Phone,1
205087,53137,Motor,4018.14,922,2,4,1,Phone,0
205088,52759,Motor,482.16,2076,0,3,0,Online,0
205089,51105,Motor,724.67,1667,0,3,0,Online,0
205090,50142,Motor,3146.91,739,1,3,0,Online,0
205091,51615,Motor,4041.03,5,1,2,1,Online,0
205092,55850,Motor,6135.35,966,3,6,1,Online,0
205093,53094,Motor,622.41,1031,0,7,0,Online,0
205094,51913,Home,1379.63,543,0,7,0,Online,0
205095,52051,Motor,1161.12,2841,1,4,0,Online,0
205096,53838,Home,3710.09,1791,1,2,0,Phone,0
205097,52974,Motor,5056.46,693,3,7,0,Broker,0
205098,52430,Travel,496.68,1820,0,3,0,Online,0
205099,52181,Home,3452.34,1727,2,2,1,Phone,0
205100,52118,Travel,3822.16,2043,0,6,1,Phone,0
205101,55117,Motor,1133.31,3462,1,2,0,Online,0
205102,51593,Travel,5734.04,2403,1,5,0,Online,1
205103,53620,Motor,2941.43,1170,2,3,0,Online,0
205104,54224,Motor,2155.8,145,0,5,0,Broker,0
205105,55741,Motor,2231.29,3492,1,6,0,Online,0
205106,51540,Motor,1159.93,1258,0,4,0,Online,0
205107,54379,Motor,851.05,508,1,2,0,Phone,0
205108,53892,Home,5144.28,2122,0,6,0,Phone,0
205109,55902,Motor,3705.05,1028,0,5,0,Phone,0
205110,54895,Home,66.4,1911,0,5,0,Phone,0
205111,50913,Motor,2050.38,3265,0,3,0,Online,0
205112,50752,Motor,1444.3,1386,0,4,1,Online,0
205113,55217,Home,5025.08,2576,0,5,0,Online,1
205114,51217,Home,2537.45,1338,1,6,0,Phone,0
205115,52850,Travel,1598.82,2828,0,6,0,Online,0
205116,53831,Home,1370.42,1149,1,6,1,Online,0
205117,53745,Motor,1065.1,2617,1,3,0,Phone,1
205118,55920,Motor,3213.93,3037,0,7,0,Broker,0
205119,50253,Motor,965.4,1948,1,7,0,Phone,0
205120,52815,Motor,4127.51,153,1,0,0,Phone,0
205121,54909,Home,1237.76,3054,5,3,1,Online,0
205122,51562,Home,3804.21,2660,1,5,1,Broker,0
205123,55359,Home,2561.73,2674,3,5,0,Broker,0
205124,52719,Motor,1368.91,517,3,4,1,Online,1
205125,52322,Motor,2502.92,2387,2,3,0,Online,0
205126,52226,Motor,507.13,2747,0,7,0,Online,0
205127,54167,Home,2021.58,1534,1,1,1,Online,0
205128,50638,Home,1388.83,288,1,3,0,Phone,0
205129,52496,Home,2028.01,1050,0,5,0,Online,0
205130,50317,Travel,3365.76,1825,2,1,1,Online,0
205131,54080,Motor,5871.05,798,1,9,0,Broker,0
205132,51721,Motor,5056.74,3529,2,1,0,Online,0
205133,51072,Motor,2987.33,1910,2,4,1,Online,0
205134,54519,Motor,1351.13,3043,0,3,0,Online,1
205135,53262,Home,2324.51,534,1,5,1,Online,0
205136,51951,Home,2010.36,2637,2,4,0,Online,0
205137,52019,Motor,935.43,776,2,6,0,Phone,1
205138,52417,Motor,363.56,1806,2,4,0,Online,0
205139,52695,Travel,4049.4,2718,0,0,1,Broker,0
205140,52821,Motor,487.12,2932,2,4,0,Online,0
205141,55449,Home,1286.58,2421,1,7,0,Broker,0
205142,51592,Motor,5308.64,1740,1,7,0,Online,1
205143,53311,Home,1007.83,3025,0,5,1,Broker,0
205144,54403,Motor,2130.3,1210,2,6,1,Online,0
205145,53186,Travel,519.53,1552,2,6,0,Phone,0
205146,50388,Travel,1679.67,1584,3,4,0,Online,0
205147,55642,Home,1402.7,1841,2,4,0,Phone,0
205148,52798,Motor,3543.3,3285,1,3,0,Phone,0
205149,54532,Home,2886.62,1702,0,1,0,Online,0
205150,53479,Home,2858.82,7,0,2,0,Online,0
205151,50167,Motor,3239.76,2056,1,3,0,Phone,1
205152,54673,Motor,1118.46,318,3,6,0,Broker,1
205153,55333,Motor,1822.4,225,1,4,1,Broker,0
205154,52852,Home,1400.46,1302,0,4,0,Online,0
205155,53895,Motor,4760.35,1862,3,3,0,Online,0
205156,54528,Home,335.44,981,0,5,0,Phone,0
205157,52055,Home,587.77,3147,2,9,1,Online,1
205158,55292,Motor,712.27,1550,0,5,0,Online,0
205159,53375,Travel,3711.82,1611,2,6,0,Online,0
205160,51830,Motor,2758.4,358,0,4,0,Online,0
205161,55135,Motor,3578.7,2904,0,1,0,Phone,0
205162,54610,Home,4608.11,501,2,5,0,Online,1
205163,53639,Home,1238.47,3413,1,3,0,Online,0
205164,52431,Home,708.68,744,1,5,0,Online,0
205165,50309,Motor,1757.86,686,0,3,0,Online,0
205166,50882,Home,3178.08,1653,0,6,0,Online,1
205167,50172,Travel,915.18,1291,1,4,0,Online,0
205168,55100,Motor,4196.73,1933,1,4,0,Online,0
205169,54978,Home,6382.2,2491,0,4,0,Online,0
205170,55622,Motor,2450.29,2196,0,2,0,Phone,0
205171,54292,Travel,4615.49,1254,4,3,0,Broker,1
205172,53390,Motor,1854.06,1476,2,5,0,Broker,0
205173,52128,Motor,2587.14,2683,2,5,0,Phone,1
205174,54466,Home,3877.67,2688,0,7,0,Online,0
205175,55110,Home,1616.24,1307,0,4,0,Online,0
205176,54463,Motor,4911.32,328,0,4,0,Online,0
205177,51318,Travel,4776.49,1551,0,4,0,Online,0
205178,53436,Home,1927.8,2935,0,5,0,Online,0
205179,51256,Home,2204.64,3551,2,5,0,Online,0
205180,54120,Motor,2612.32,608,1,1,1,Online,0
205181,50046,Motor,1323.76,811,1,4,0,Broker,0
205182,53717,Travel,1293.94,2555,0,4,1,Broker,0
205183,51048,Home,1793.51,2580,1,2,0,Online,0
205184,55202,Travel,1445.73,2571,0,6,1,Phone,0
205185,53142,Motor,4393.57,1226,2,7,0,Online,0
205186,50494,Motor,635.38,1554,1,8,0,Online,0
205187,50112,Motor,868.71,2845,2,3,0,Online,0
205188,52554,Home,1815.36,618,0,4,1,Online,0
205189,55948,Motor,2195.63,975,0,5,0,Broker,0
205190,50030,Home,1282.85,3198,0,5,0,Online,0
205191,50002,Travel,1875.75,2126,2,4,0,Online,1
205192,52514,Motor,2069.59,1949,2,3,0,Online,0
205193,51751,Travel,4094.64,3236,0,3,0,Online,0
205194,50510,Home,2131.78,2670,0,6,0,Phone,1
205195,54878,Home,5517.42,1726,2,3,0,Phone,0
205196,55716,Motor,4203.87,431,1,1,0,Online,0
205197,50220,Home,476.11,3490,2,5,0,Online,0
205198,55327,Home,3987.19,2440,1,4,0,Broker,0
205199,51185,Motor,3501.12,961,1,2,0,Online,0
205200,52768,Motor,1123.78,1397,1,5,0,Online,0
205201,55033,Motor,4410.33,419,1,6,1,Online,0
205202,51067,Home,6393.39,190,2,2,1,Phone,0
205203,52966,Motor,5598.35,1446,0,5,1,Phone,0
205204,50615,Motor,2618.31,2035,1,2,0,Online,0
205205,51398,Home,555.99,3612,1,4,0,Phone,0
205206,54448,Home,1696.88,239,1,6,0,Online,0
205207,52744,Motor,2544.74,2659,1,6,0,Online,1
205208,53207,Home,4566.72,169,0,4,1,Phone,0
205209,51556,Home,785.63,669,0,5,0,Online,0
205210,55464,Home,2556.8,442,0,3,0,Online,0
205211,50042,Travel,1217.26,2167,2,2,1,Online,1
205212,53041,Motor,2216.58,1981,2,3,0,Broker,0
205213,53323,Motor,1811.55,1585,1,3,0,Phone,0
205214,53245,Motor,1531.67,2411,4,3,0,Phone,0
205215,53242,Motor,1653.78,731,1,3,0,Phone,0
205216,52072,Motor,1474.56,3321,1,4,1,Broker,0
205217,54984,Motor,1749.87,1513,1,6,0,Phone,0
205218,50427,Motor,3396.23,2042,1,4,1,Broker,0
205219,55634,Motor,435.34,186,0,6,0,Online,0
205220,52777,Travel,1200.55,259,0,1,1,Phone,0
205221,54973,Motor,1715.91,2957,2,2,1,Phone,1
205222,50280,Motor,2572.26,281,2,4,1,Online,1
205223,55216,Home,1876.07,1714,1,6,1,Online,0
205224,54674,Home,1232.98,39,0,4,0,Online,1
205225,51212,Motor,3558.48,3357,0,4,0,Online,1
205226,55694,Home,2557.22,490,2,5,0,Online,0
205227,52121,Home,3031.62,1864,2,4,0,Online,0
205228,55718,Motor,392.99,602,0,3,0,Phone,0
205229,51422,Travel,5492.61,626,1,3,0,Online,0
205230,51073,Motor,1031.5,3474,0,4,0,Online,0
205231,51933,Home,5365.4,3036,0,2,1,Broker,0
205232,53337,Travel,2707.35,1293,1,3,0,Phone,0
205233,50115,Motor,1700.51,1963,1,1,0,Phone,0
205234,53125,Home,1241.0,2187,1,7,0,Online,1
205235,55362,Travel,2289.45,1174,1,7,1,Online,0
205236,52930,Home,1754.68,717,2,8,1,Phone,1
205237,55823,Travel,1602.2,2497,2,4,0,Online,0
205238,53412,Home,1449.7,1520,0,7,0,Online,0
205239,55652,Travel,4505.62,1080,0,9,0,Online,0
205240,53032,Motor,2158.43,3186,0,6,0,Phone,0
205241,55083,Home,2917.13,2066,1,6,0,Online,0
205242,53170,Motor,4143.65,1071,1,5,0,Online,0
205243,55117,Motor,5455.04,3147,3,5,1,Broker,0
205244,53306,Home,855.56,1970,4,4,0,Online,0
205245,53969,Motor,1933.98,465,0,4,0,Phone,0
205246,52194,Motor,2659.11,2830,1,2,0,Online,0
205247,53359,Home,1602.81,3202,0,3,0,Online,0
205248,50384,Travel,1177.74,2367,3,6,1,Online,1
205249,53826,Motor,2933.47,1140,1,4,0,Broker,0
205250,51075,Home,2664.36,2825,2,3,1,Online,0
205251,54142,Motor,3410.16,2134,1,7,0,Online,1
205252,51061,Home,992.57,2306,1,6,1,Phone,0
205253,53125,Home,1325.7,3101,2,3,0,Phone,0
205254,50509,Home,4827.48,263,2,7,1,Phone,0
205255,52645,Home,554.5,2253,0,4,1,Online,0
205256,52074,Home,2931.79,922,1,3,1,Phone,0
205257,50472,Home,1007.43,2439,0,4,0,Phone,0
205258,50322,Travel,3059.29,2645,1,1,0,Broker,1
205259,51156,Motor,4241.11,915,1,3,0,Online,0
205260,54929,Motor,3846.06,3403,1,5,1,Broker,0
205261,54411,Motor,1290.14,2950,1,6,0,Online,0
205262,55309,Motor,675.39,895,1,5,0,Broker,0
205263,52788,Travel,1824.19,581,2,3,1,Phone,0
205264,53141,Travel,5258.72,2130,0,6,0,Phone,0
205265,55732,Motor,2730.51,3585,3,5,1,Online,1
205266,51686,Motor,2968.37,3107,3,1,0,Broker,1
205267,50734,Motor,7722.07,1155,1,4,0,Online,0
205268,52013,Travel,1759.54,3389,2,6,0,Broker,0
205269,55744,Motor,1174.76,1485,1,4,0,Broker,1
205270,55829,Home,5753.42,1620,1,8,0,Online,1
205271,52707,Home,1228.6,191,4,5,0,Online,0
205272,54014,Motor,3095.7,2688,0,3,0,Phone,1
205273,55377,Motor,3711.33,494,2,5,1,Online,0
205274,54234,Home,2993.42,1505,0,5,1,Phone,0
205275,54667,Motor,1213.95,1206,2,4,0,Online,0
205276,50062,Travel,1754.99,1688,2,2,0,Broker,0
205277,54302,Home,1734.91,2383,0,3,0,Phone,0
205278,55667,Motor,448.22,2429,0,2,0,Online,1
205279,51195,Motor,1073.11,1271,0,2,0,Phone,1
205280,55451,Motor,2883.91,476,2,4,0,Phone,0
205281,52686,Motor,1314.31,1358,5,10,1,Online,1
205282,54658,Motor,6670.33,1878,3,6,0,Phone,0
205283,53350,Motor,4334.15,929,0,3,1,Phone,1
205284,55601,Motor,1874.79,570,2,4,0,Online,0
205285,51497,Home,747.64,99,0,4,1,Online,0
205286,50436,Motor,915.55,2741,0,2,0,Online,1
205287,53123,Travel,2353.22,3597,1,6,0,Broker,0
205288,53113,Motor,1256.79,1313,1,6,0,Online,1
205289,55762,Home,1752.83,1879,1,3,0,Broker,1
205290,50611,Motor,5377.83,1700,0,12,0,Phone,1
205291,53226,Home,3941.11,1376,0,6,0,Broker,0
205292,55134,Home,277.93,2358,2,8,0,Online,0
205293,51372,Travel,4299.68,2828,2,4,0,Phone,0
205294,54893,Travel,1936.2,956,1,6,0,Online,0
205295,51963,Motor,2533.78,3006,0,2,0,Phone,0
205296,51821,Home,848.42,2265,5,4,0,Phone,0
205297,55450,Motor,651.83,55,0,2,0,Online,0
205298,54075,Motor,978.59,2252,2,4,0,Online,0
205299,54712,Home,3908.41,3554,0,6,1,Online,0
205300,55039,Travel,1886.7,1736,0,7,0,Online,0
205301,51650,Motor,2407.13,3419,1,4,1,Online,0
205302,54108,Home,2486.8,1653,0,6,1,Broker,0
205303,54601,Home,1409.2,1311,0,3,0,Online,0
205304,50956,Home,2277.13,2093,3,2,1,Online,0
205305,55479,Home,2443.26,3170,0,4,0,Phone,0
205306,55415,Home,878.37,1513,1,5,0,Broker,0
205307,53880,Home,1366.55,1368,2,3,0,Online,1
205308,51422,Home,2948.12,1671,1,7,0,Online,0
205309,54500,Home,1834.7,3570,0,5,0,Phone,0
205310,51251,Motor,3894.12,433,0,6,1,Broker,0
205311,55244,Motor,5583.9,1025,1,7,0,Online,0
205312,54216,Motor,3870.7,3446,2,5,0,Broker,1
205313,54960,Home,1444.46,1782,4,7,0,Phone,1
205314,51242,Motor,1841.98,1766,1,5,0,Online,1
205315,50630,Travel,5243.59,381,0,2,0,Online,1
205316,55517,Travel,1044.38,3261,2,3,0,Online,0
205317,55524,Travel,4039.82,2956,0,5,0,Broker,0
205318,51878,Home,1183.7,2274,0,5,1,Online,1
205319,55734,Home,2825.42,2233,0,3,0,Online,0
205320,52564,Motor,3151.6,2101,1,5,1,Phone,0
205321,50399,Home,2248.36,348,0,3,1,Online,1
205322,51907,Motor,746.85,2596,0,7,0,Broker,0
205323,50766,Motor,4832.16,3035,1,2,1,Online,0
205324,52178,Home,2768.9,906,1,1,0,Online,0
205325,54155,Motor,1886.03,2729,1,4,1,Broker,1
205326,54647,Home,983.91,1894,0,5,0,Broker,0
205327,52917,Travel,819.86,1246,1,4,0,Phone,0
205328,50348,Motor,678.85,256,0,6,0,Online,0
205329,55803,Motor,950.8,1105,1,7,1,Broker,0
205330,51910,Travel,1294.52,2350,1,6,0,Phone,0
205331,54290,Motor,4767.46,1132,1,5,1,Online,0
205332,51828,Home,1620.12,1891,3,2,0,Phone,0
205333,53284,Home,2319.4,3228,0,2,0,Broker,0
205334,55305,Motor,5640.68,2951,1,5,0,Online,0
205335,52486,Motor,6234.32,1361,0,3,0,Phone,0
205336,52104,Home,6815.9,1194,2,6,1,Online,0
205337,52905,Motor,1875.43,2497,1,4,0,Online,0
205338,52386,Travel,640.95,2065,0,2,1,Phone,0
205339,53303,Home,3573.64,227,2,3,0,Online,0
205340,52458,Home,974.26,1603,3,3,0,Online,1
205341,53664,Home,778.3,703,1,6,0,Online,0
205342,50169,Home,991.95,2432,1,6,0,Online,0
205343,52038,Motor,5037.67,2758,2,4,0,Online,0
205344,53955,Motor,2727.46,1699,3,2,0,Online,0
205345,52130,Motor,2411.08,1631,2,4,0,Phone,0
205346,50833,Home,1811.48,3279,5,2,0,Online,0
205347,54582,Home,467.31,2221,1,6,0,Online,0
205348,53127,Motor,3267.26,3071,1,8,1,Online,0
205349,55588,Home,2533.42,1291,1,1,1,Broker,0
205350,55514,Motor,4408.34,157,1,2,1,Broker,0
205351,52758,Home,3514.78,2689,3,1,0,Online,0
205352,52554,Home,1340.17,414,2,7,0,Phone,0
205353,53751,Home,1947.08,1795,1,3,1,Phone,0
205354,50076,Motor,2142.18,3010,1,7,0,Online,0
205355,50790,Motor,2724.68,1260,3,5,0,Online,0
205356,55836,Travel,1843.25,2806,0,3,0,Online,1
205357,51856,Motor,702.35,3157,0,1,0,Online,1
205358,55637,Motor,2979.57,3608,0,3,1,Online,0
205359,55133,Travel,3601.71,3051,2,5,0,Phone,0
205360,51979,Motor,6818.0,247,0,3,0,Online,0
205361,54050,Home,2833.17,434,2,7,0,Broker,1
205362,53265,Motor,1561.98,2015,3,7,1,Online,0
205363,51176,Travel,9237.46,1532,1,5,0,Online,0
205364,51179,Motor,1268.47,2730,0,5,0,Phone,0
205365,50026,Motor,1828.28,2069,0,4,0,Online,0
205366,53692,Motor,1876.11,3030,1,4,0,Online,0
205367,50750,Home,1451.32,2770,1,1,0,Online,0
205368,55156,Motor,766.08,1637,2,5,0,Broker,0
205369,54476,Motor,1998.03,2285,2,5,0,Online,0
205370,50679,Home,1557.33,2214,1,3,0,Phone,0
205371,55367,Home,3558.69,2537,0,6,0,Online,1
205372,50042,Home,2635.63,2693,1,5,0,Phone,0
205373,53311,Motor,3801.82,3149,2,6,0,Phone,0
205374,54881,Motor,3501.32,3190,0,3,0,Online,0
205375,55583,Travel,1279.98,1530,1,4,1,Online,0
205376,53084,Home,798.21,2818,1,3,1,Online,0
205377,52624,Home,951.87,1229,0,4,0,Online,0
205378,55340,Motor,857.24,673,1,1,0,Online,0
205379,55840,Motor,1672.81,586,2,8,1,Online,0
205380,52497,Motor,3511.07,2332,0,3,0,Online,0
205381,55424,Home,2728.03,1214,0,4,0,Online,0
205382,51785,Home,652.43,867,2,1,1,Online,0
205383,50249,Home,1912.11,550,0,2,1,Online,0
205384,53460,Travel,871.23,749,1,4,0,Phone,0
205385,54779,Motor,119.65,2604,2,5,0,Online,1
205386,53410,Motor,709.65,3577,2,5,1,Online,1
205387,54818,Travel,300.1,2774,0,5,0,Online,0
205388,53384,Home,1846.54,3360,1,5,0,Phone,0
205389,52199,Motor,2800.58,369,1,7,1,Online,0
205390,51091,Motor,3358.78,2378,0,1,0,Online,0
205391,50502,Home,1745.7,2669,2,3,0,Phone,0
205392,50541,Home,3872.97,2374,1,5,1,Online,0
205393,50579,Motor,1557.28,1864,0,5,0,Online,0
205394,52987,Motor,1545.84,2243,1,8,0,Online,0
205395,51875,Motor,812.03,92,1,5,0,Broker,0
205396,55497,Home,2568.03,2420,0,2,1,Online,0
205397,55852,Home,2099.87,3503,1,4,0,Online,0
205398,54211,Motor,1286.14,1483,1,3,1,Phone,1
205399,52051,Motor,3779.4,2412,2,2,0,Online,0
205400,53032,Motor,879.62,2949,2,3,0,Online,1
205401,55287,Travel,851.55,2663,2,5,1,Phone,0
205402,53283,Motor,1211.54,438,3,6,0,Online,1
205403,51407,Home,3439.97,1887,1,1,1,Online,1
205404,55916,Travel,1459.21,2747,0,7,0,Online,1
205405,50888,Motor,4098.68,2646,1,6,0,Phone,0
205406,54649,Home,1571.13,3490,1,6,0,Online,0
205407,54968,Motor,8679.44,201,1,6,1,Phone,1
205408,51408,Motor,1112.69,2457,3,10,0,Online,0
205409,51870,Home,1831.72,2499,2,4,0,Broker,0
205410,51846,Motor,5316.44,3547,1,4,0,Online,0
205411,55816,Home,924.06,1367,2,4,1,Online,0
205412,54215,Motor,2823.5,1201,3,7,0,Online,0
205413,50777,Motor,7216.82,1138,0,3,0,Broker,1
205414,53623,Motor,8919.82,3043,0,4,0,Online,0
205415,51382,Motor,3751.76,3513,1,2,1,Online,0
205416,54573,Home,4941.73,385,1,3,0,Broker,0
205417,53173,Motor,2422.06,393,0,7,0,Phone,0
205418,51995,Home,3812.18,2764,1,5,0,Phone,0
205419,51086,Motor,969.15,2041,1,8,0,Online,0
205420,54485,Motor,739.3,2164,2,2,0,Online,0
205421,51976,Motor,5836.15,3548,0,7,0,Online,0
205422,53560,Motor,4127.84,682,1,5,0,Online,1
205423,50592,Home,1030.57,2322,0,4,0,Online,0
205424,54936,Travel,465.64,527,1,2,0,Broker,1
205425,53063,Home,339.73,3225,1,5,0,Broker,0
205426,54708,Travel,1676.25,201,1,8,0,Online,0
205427,52675,Home,2752.63,3021,0,8,1,Phone,1
205428,53321,Motor,1706.8,1517,1,6,0,Online,0
205429,51583,Motor,3974.26,1800,1,6,0,Online,0
205430,52026,Motor,5247.56,1859,4,3,0,Online,0
205431,52018,Motor,378.38,1630,0,8,1,Broker,0
205432,54839,Home,1391.21,1200,2,4,0,Phone,0
205433,50890,Motor,1417.84,2453,1,3,0,Online,1
205434,51897,Motor,3874.74,2089,0,3,1,Online,0
205435,52356,Home,5115.38,1075,1,0,0,Online,0
205436,54017,Home,3139.86,3215,0,3,0,Online,1
205437,55901,Home,3114.9,1231,2,5,0,Phone,0
205438,54830,Home,4316.12,569,0,1,0,Online,0
205439,54206,Home,387.64,394,0,3,0,Broker,0
205440,54930,Home,3919.98,1868,0,4,0,Phone,0
205441,52819,Travel,1991.89,1778,4,6,0,Broker,0
205442,54170,Motor,2670.24,2245,2,4,0,Online,1
205443,52690,Motor,2518.56,2917,1,9,0,Online,0
205444,51118,Motor,5385.35,2068,1,4,1,Online,1
205445,54582,Motor,1627.08,943,1,4,1,Online,0
205446,50222,Home,2753.95,3429,0,2,1,Broker,0
205447,55254,Motor,3483.92,2882,0,3,0,Online,0
205448,53518,Motor,1348.82,3140,0,6,1,Broker,0
205449,54004,Home,2100.06,1683,0,4,0,Phone,0
205450,51907,Motor,1275.04,1539,2,3,0,Phone,0
205451,51272,Home,5401.1,1433,2,4,0,Online,0
205452,54860,Motor,2420.8,171,2,5,1,Broker,0
205453,50056,Home,1945.86,3417,2,1,1,Phone,0
205454,53758,Travel,676.93,541,0,1,1,Broker,0
205455,52401,Motor,755.06,467,2,10,1,Phone,0
205456,51973,Motor,1314.53,2733,3,5,1,Online,1
205457,50141,Home,2186.84,2984,0,2,0,Phone,0
205458,54774,Motor,5268.15,1323,1,4,1,Online,0
205459,50983,Home,1286.49,2975,0,4,1,Phone,0
205460,54464,Motor,4560.19,2231,3,6,0,Phone,0
205461,50062,Travel,3451.59,1816,0,3,0,Phone,1
205462,51164,Motor,3704.59,2673,3,4,0,Online,1
205463,55126,Home,2472.92,1054,1,8,0,Phone,0
205464,50633,Motor,5080.4,844,3,7,1,Online,0
205465,52413,Home,2624.2,2664,0,4,0,Online,0
205466,55251,Motor,2375.88,1141,1,3,0,Online,0
205467,51140,Motor,410.58,402,0,0,0,Broker,0
205468,52211,Travel,5483.77,350,1,4,1,Phone,1
205469,50189,Home,2587.03,1967,0,3,1,Online,0
205470,52976,Home,3026.87,2036,3,5,0,Online,0
205471,52738,Travel,4255.06,2438,0,6,0,Online,1
205472,54094,Travel,2510.03,988,2,1,1,Online,1
205473,51467,Travel,3563.08,3189,4,3,0,Online,0
205474,53090,Home,2266.06,739,1,1,0,Broker,0
205475,53186,Motor,1847.83,180,2,7,0,Online,0
205476,51275,Motor,1274.86,1639,2,7,0,Online,0
205477,52973,Home,2961.61,214,1,4,1,Broker,0
205478,54730,Home,6360.9,551,2,1,1,Online,0
205479,53747,Motor,2498.98,2779,1,4,0,Phone,0
205480,52601,Motor,978.1,3068,2,3,1,Online,0
205481,53684,Home,3076.86,2044,3,2,1,Phone,0
205482,52766,Motor,3668.21,1343,2,6,0,Phone,0
205483,54108,Home,3420.23,550,1,6,1,Online,0
205484,50108,Motor,1474.57,2423,1,4,0,Broker,0
205485,51322,Motor,1125.55,1080,1,5,1,Broker,0
205486,55527,Travel,5569.23,2527,2,3,1,Online,1
205487,53592,Motor,3606.11,3609,1,5,1,Online,1
205488,52655,Home,419.21,3228,0,3,0,Online,0
205489,51010,Travel,1936.91,3540,0,3,0,Phone,0
205490,54363,Home,982.16,2999,3,4,0,Online,0
205491,52429,Home,6167.64,823,0,3,1,Phone,0
205492,53167,Home,1563.18,2968,3,5,0,Online,0
205493,51860,Motor,648.81,1893,1,6,0,Online,0
205494,55446,Home,1777.08,1995,3,5,1,Online,0
205495,53243,Home,1529.2,635,0,3,0,Broker,0
205496,53917,Home,1771.5,2693,0,3,0,Online,0
205497,55118,Motor,1109.23,1711,1,3,0,Online,0
205498,54013,Home,1147.09,3227,0,2,1,Phone,0
205499,54619,Motor,3407.17,1012,0,6,0,Phone,0
205500,51848,Home,1148.59,2155,1,7,0,Online,0
205501,50607,Home,5512.96,103,1,6,1,Online,1
205502,53775,Motor,983.83,889,0,7,0,Online,1
205503,52498,Travel,3883.7,3501,4,4,1,Online,0
205504,54974,Motor,665.71,2420,0,2,0,Broker,0
205505,52541,Home,5403.23,1714,0,4,0,Online,1
205506,52060,Home,1999.3,161,1,1,0,Phone,0
205507,52981,Motor,1118.34,2408,1,3,1,Online,0
205508,53983,Travel,671.04,233,1,4,1,Phone,0
205509,50969,Motor,3036.47,559,1,3,0,Phone,1
205510,54286,Motor,2740.43,3294,3,2,0,Online,0
205511,50927,Home,2646.56,149,3,9,0,Online,0
205512,50564,Motor,1947.82,2521,1,3,0,Online,0
205513,55257,Home,1255.63,1104,1,4,0,Online,0
205514,55817,Travel,1878.2,3183,2,2,1,Phone,0
205515,55188,Motor,5943.96,304,2,2,1,Phone,0
205516,51799,Motor,1909.01,3224,1,4,0,Online,0
205517,55180,Travel,435.99,3013,2,7,1,Online,1
205518,53775,Motor,653.54,592,0,2,0,Online,0
205519,50431,Motor,2675.52,2352,1,4,1,Online,0
205520,54192,Motor,3444.75,58,0,4,0,Online,0
205521,53758,Motor,534.99,2913,1,3,1,Online,0
205522,52338,Home,2908.04,43,1,2,0,Online,0
205523,51296,Home,1103.51,1887,3,3,0,Phone,0
205524,51738,Motor,1749.31,2034,0,2,0,Online,0
205525,52673,Motor,4195.34,3490,1,5,1,Phone,1
205526,51163,Home,662.76,10,1,5,0,Online,1
205527,51191,Travel,2260.94,2407,1,2,1,Online,0
205528,52853,Motor,1436.87,2995,0,1,1,Broker,0
205529,55055,Home,3019.86,2376,1,6,1,Broker,0
205530,52558,Home,12058.4,786,0,4,0,Online,0
205531,54051,Motor,642.9,1783,0,4,0,Online,1
205532,53181,Motor,1203.43,3276,1,4,0,Online,0
205533,50442,Motor,1236.92,2260,0,6,0,Online,0
205534,55573,Home,5257.87,2568,0,5,0,Online,0
205535,52687,Motor,4810.79,1817,0,4,0,Online,0
205536,51531,Motor,1413.31,3471,1,2,1,Online,0
205537,53808,Motor,1095.09,2564,0,2,0,Phone,0
205538,53673,Motor,1747.13,2552,0,4,1,Online,0
205539,54660,Travel,1126.29,1967,1,0,1,Broker,0
205540,54596,Home,2562.33,951,0,4,0,Online,0
205541,52489,Home,866.37,1469,2,3,0,Online,1
205542,53528,Home,1769.6,1793,4,7,0,Phone,0
205543,53653,Motor,2625.65,1920,0,3,0,Broker,0
205544,52399,Home,2517.35,2676,2,3,1,Broker,0
205545,52549,Motor,552.06,454,0,2,0,Online,0
205546,52961,Motor,8202.71,3512,0,2,0,Phone,0
205547,52229,Home,1767.16,2524,3,3,0,Online,0
205548,53938,Motor,545.14,2225,1,4,0,Broker,0
205549,50418,Motor,4492.55,2183,1,3,0,Online,0
205550,53026,Home,4002.93,121,2,4,0,Online,0
205551,52658,Motor,1730.14,1954,0,2,0,Online,1
205552,51143,Home,3781.42,334,1,1,0,Online,0
205553,53061,Motor,5029.8,400,1,9,1,Online,0
205554,55637,Motor,5196.55,2429,0,3,0,Online,0
205555,54542,Motor,2826.35,384,1,7,1,Online,0
205556,54116,Home,4934.6,1814,0,4,0,Online,0
205557,54613,Motor,2172.94,1823,1,5,0,Phone,0
205558,55005,Home,2528.64,1441,1,1,0,Online,0
205559,54221,Travel,2585.95,1397,0,4,0,Broker,1
205560,55752,Travel,1359.07,2437,0,6,0,Broker,1
205561,52421,Motor,1624.84,737,0,4,1,Phone,0
205562,50436,Home,2393.48,2542,2,3,0,Online,0
205563,54476,Home,3090.49,1005,1,2,1,Broker,0
205564,50681,Motor,1989.73,204,0,5,0,Online,0
205565,51912,Home,2063.12,2837,1,5,0,Phone,0
205566,55303,Motor,1563.2,1805,0,3,0,Online,0
205567,51872,Home,2734.47,277,3,5,1,Online,1
205568,51716,Home,2305.13,2171,2,4,0,Phone,0
205569,50891,Home,2254.22,3215,0,1,0,Broker,0
205570,52002,Motor,4124.43,1942,3,6,1,Online,0
205571,51237,Travel,2995.78,1862,2,2,0,Online,0
205572,52371,Motor,2575.97,98,2,1,0,Phone,0
205573,50275,Motor,2213.28,3110,1,9,1,Broker,1
205574,51883,Home,2190.56,472,0,4,0,Online,0
205575,51564,Motor,605.79,695,0,4,1,Phone,0
205576,50715,Home,2830.24,1905,3,6,0,Online,1
205577,51517,Motor,1607.23,3327,1,2,0,Online,0
205578,54691,Motor,1892.96,2182,1,10,0,Online,0
205579,51279,Motor,4207.69,3559,0,8,0,Phone,0
205580,55553,Motor,4924.2,1818,0,4,0,Phone,0
205581,52521,Motor,3924.34,2754,0,4,0,Online,0
205582,54028,Home,633.35,3348,2,3,1,Online,1
205583,55241,Home,5044.38,478,1,2,0,Online,0
205584,54208,Motor,312.41,315,0,4,0,Online,0
205585,55638,Motor,978.73,1738,1,3,1,Phone,1
205586,55639,Travel,1294.73,3296,0,3,1,Online,0
205587,55143,Motor,2398.45,3558,0,2,0,Online,0
205588,55415,Home,2658.42,2143,0,1,1,Phone,0
205589,51274,Motor,4158.79,244,0,4,0,Broker,0
205590,50192,Motor,1296.31,1913,2,4,1,Online,0
205591,52777,Home,8829.49,2857,1,3,0,Online,0
205592,53286,Home,4015.26,3398,0,2,0,Online,1
205593,51811,Motor,948.14,2059,1,3,0,Phone,1
205594,55690,Home,1505.96,2344,3,6,0,Online,1
205595,53414,Home,1524.74,3550,1,6,0,Online,0
205596,54251,Home,958.25,483,1,4,1,Online,0
205597,51673,Travel,1369.75,753,1,6,0,Broker,0
205598,53133,Home,1156.77,2439,0,6,1,Broker,0
205599,55617,Travel,1883.42,2873,0,6,1,Online,0
205600,50393,Motor,7859.72,1555,0,3,0,Broker,0
205601,50559,Home,2148.5,737,0,5,0,Phone,0
205602,55997,Home,1530.07,3264,1,5,1,Broker,0
205603,50422,Travel,3875.06,2239,0,6,0,Phone,1
205604,50087,Motor,1014.78,3641,2,2,1,Phone,0
205605,51813,Home,2147.62,3363,0,7,1,Online,1
205606,50913,Motor,3393.35,3380,2,2,0,Online,0
205607,52088,Home,1848.0,610,1,5,0,Broker,0
205608,53822,Motor,2919.04,556,0,6,1,Online,0
205609,54550,Home,1817.3,3519,0,4,0,Online,0
205610,54633,Home,2549.3,2926,2,2,0,Online,0
205611,51068,Motor,989.31,2371,2,4,0,Online,0
205612,51409,Motor,871.82,2089,1,2,0,Online,1
205613,52529,Motor,7375.91,471,0,3,0,Online,0
205614,50116,Travel,4285.12,1024,1,3,1,Phone,0
205615,52907,Travel,5057.55,3024,0,5,0,Phone,1
205616,54206,Motor,2949.96,2092,2,4,1,Online,0
205617,52217,Motor,3832.48,2280,0,8,1,Online,1
205618,50899,Travel,3797.97,378,2,6,0,Online,0
205619,51425,Motor,568.19,2438,4,8,1,Phone,0
205620,53970,Motor,539.8,698,0,8,0,Online,0
205621,55723,Home,1568.54,365,1,6,0,Online,0
205622,50983,Travel,1331.73,3046,3,5,1,Phone,0
205623,53668,Motor,1165.08,3138,1,2,1,Online,1
205624,50373,Motor,1275.58,3624,1,2,0,Phone,0
205625,52123,Home,2869.94,3269,2,4,0,Online,0
205626,51590,Travel,958.31,810,2,2,0,Broker,0
205627,55769,Motor,4099.62,393,3,3,0,Online,0
205628,53145,Home,7437.96,1508,3,2,1,Online,0
205629,53708,Home,5639.91,3092,0,1,0,Phone,0
205630,55139,Home,2419.84,1831,0,7,0,Phone,0
205631,51633,Motor,415.94,851,0,2,1,Phone,0
205632,54733,Motor,2271.75,1209,2,7,0,Online,1
205633,54665,Motor,2774.0,1960,1,3,0,Online,0
205634,55750,Motor,808.4,2788,1,2,1,Broker,0
205635,50483,Home,1167.25,2389,0,5,0,Online,0
205636,51257,Motor,4386.87,1601,1,3,0,Online,1
205637,54334,Motor,2983.28,1993,0,4,1,Online,0
205638,53744,Motor,622.79,1283,2,3,0,Online,0
205639,51709,Home,3954.29,3048,0,3,0,Online,0
205640,50025,Home,955.85,544,1,8,0,Phone,0
205641,50755,Home,711.33,3084,1,2,1,Phone,0
205642,55658,Home,3031.29,803,0,1,0,Online,0
205643,54590,Motor,621.82,3400,1,3,0,Broker,0
205644,53054,Motor,1537.07,2207,0,3,0,Online,0
205645,51856,Motor,824.41,1164,1,4,0,Online,1
205646,51704,Home,1262.44,235,1,9,1,Online,0
205647,54838,Motor,2703.81,2125,1,4,0,Online,0
205648,50288,Motor,1055.59,1917,1,1,0,Phone,0
205649,54005,Travel,1045.6,3023,3,4,1,Phone,0
205650,51318,Travel,2861.65,858,1,2,0,Broker,1
205651,54012,Home,5191.69,2117,1,3,0,Online,0
205652,54973,Travel,3144.5,2101,0,2,0,Phone,1
205653,52817,Home,3738.49,1814,0,8,0,Online,1
205654,51478,Motor,2028.13,1084,3,5,0,Online,0
205655,54380,Home,6186.77,1859,0,5,0,Phone,0
205656,50664,Motor,772.12,1881,3,2,1,Online,0
205657,50199,Travel,1932.09,964,1,5,0,Online,0
205658,55050,Home,1184.9,2988,2,3,0,Phone,0
205659,52983,Home,3196.29,3345,1,3,1,Phone,0
205660,55564,Home,1783.88,767,1,1,1,Online,0
205661,50943,Travel,7658.09,1185,0,6,0,Phone,0
205662,55566,Motor,2192.44,118,3,4,0,Online,0
205663,54817,Motor,1212.47,2510,0,5,0,Online,0
205664,55854,Motor,3750.19,2285,1,6,0,Phone,0
205665,50146,Travel,5032.17,3349,0,5,0,Phone,0
205666,51278,Home,2374.48,199,0,2,0,Phone,0
205667,54662,Motor,1701.67,2846,0,3,0,Online,1
205668,53104,Travel,1919.39,1942,1,3,0,Phone,0
205669,52790,Travel,3690.87,2802,1,3,1,Online,0
205670,52615,Home,3303.02,1575,1,5,0,Online,0
205671,52550,Home,4428.64,1342,2,4,0,Phone,0
205672,51950,Home,5015.72,3153,3,6,1,Phone,0
205673,55559,Motor,1827.7,213,0,5,1,Online,0
205674,54500,Travel,5622.43,2645,1,6,0,Online,0
205675,54912,Motor,2904.43,2813,3,4,0,Online,0
205676,54107,Home,1818.79,2984,2,2,0,Phone,0
205677,55496,Motor,1032.13,3193,0,1,0,Online,0
205678,52022,Motor,6946.16,3518,1,4,0,Phone,0
205679,55192,Home,4116.1,1436,1,4,0,Online,0
205680,55687,Motor,5440.9,1106,2,4,0,Online,1
205681,52654,Home,3142.66,2328,5,8,0,Phone,0
205682,53167,Motor,2755.15,2438,0,0,1,Phone,0
205683,55446,Home,3041.55,2195,1,5,0,Broker,0
205684,54628,Home,1149.43,1662,0,4,0,Phone,0
205685,53262,Motor,3968.43,1764,1,6,0,Online,1
205686,52799,Travel,3705.41,3335,2,5,0,Online,0
205687,53534,Motor,3596.74,2278,1,3,1,Broker,0
205688,53703,Home,846.3,3362,2,4,0,Online,0
205689,50963,Travel,2965.43,3403,1,4,0,Online,0
205690,54979,Motor,2702.79,461,2,1,0,Phone,0
205691,50764,Motor,3988.45,830,1,3,0,Online,0
205692,54690,Motor,1698.69,652,4,3,0,Online,0
205693,51884,Motor,1827.85,479,0,10,0,Online,0
205694,52696,Motor,6090.4,1872,1,2,0,Broker,0
205695,55328,Travel,8174.45,35,1,1,1,Online,0
205696,53810,Motor,2019.73,2725,3,3,1,Online,1
205697,53924,Home,1004.41,3546,1,4,0,Online,1
205698,54790,Motor,1370.39,2089,0,7,1,Online,0
205699,53694,Home,3604.03,1049,2,4,0,Broker,0
205700,53386,Home,3833.68,38,1,7,0,Online,1
205701,51391,Motor,2017.58,1173,3,3,1,Online,0
205702,50081,Home,5720.3,2280,0,2,1,Online,0
205703,55464,Motor,2047.52,2656,2,7,1,Phone,0
205704,51393,Motor,3135.85,117,0,3,0,Online,0
205705,52949,Home,1112.73,862,0,5,0,Phone,1
205706,50262,Home,2811.14,3313,1,1,0,Online,0
205707,52266,Motor,1918.92,1524,2,5,0,Phone,0
205708,50171,Motor,2726.56,2619,1,2,1,Phone,0
205709,51471,Motor,5586.06,3011,0,9,1,Online,0
205710,50053,Home,784.6,2456,0,4,1,Online,0
205711,53131,Travel,3791.32,530,1,5,1,Online,0
205712,50857,Travel,1607.12,1930,1,2,1,Online,0
205713,52046,Motor,723.13,623,3,6,1,Phone,0
205714,52061,Motor,2389.9,1415,1,4,1,Online,1
205715,53740,Motor,690.65,2980,0,4,1,Broker,0
205716,50084,Home,3751.1,1806,3,3,0,Phone,0
205717,55853,Motor,4466.54,180,3,6,0,Online,0
205718,50427,Motor,3275.55,2489,0,6,0,Broker,0
205719,50758,Travel,3492.04,3150,1,0,1,Phone,0
205720,55747,Motor,5392.43,1543,0,2,0,Phone,0
205721,53597,Motor,2449.84,1846,2,1,0,Phone,0
205722,51420,Motor,2437.4,2568,0,3,0,Phone,0
205723,53810,Motor,2128.2,1573,0,8,0,Online,0
205724,55304,Motor,4593.96,90,2,2,0,Online,0
205725,54681,Motor,1531.34,3248,0,3,1,Online,0
205726,52975,Motor,1410.2,1909,2,5,0,Broker,0
205727,53132,Travel,1569.6,192,0,7,0,Phone,0
205728,52555,Motor,2366.74,1043,2,5,0,Online,0
205729,50872,Motor,2513.82,2484,1,3,0,Broker,0
205730,52483,Motor,718.77,3510,0,3,0,Online,0
205731,55111,Home,2417.95,63,2,3,0,Phone,0
205732,50488,Motor,6044.59,989,1,2,0,Online,0
205733,50313,Travel,3762.0,2909,0,4,0,Phone,0
205734,54049,Motor,4289.86,1629,1,2,0,Online,0
205735,53968,Motor,5936.02,3551,1,3,0,Online,0
205736,54990,Motor,1335.78,1558,0,5,1,Phone,1
205737,50755,Travel,7059.96,2517,1,3,0,Broker,0
205738,52199,Travel,624.78,3318,1,3,1,Phone,0
205739,55716,Travel,2776.97,2692,2,2,0,Online,0
205740,52058,Home,6866.35,1319,1,1,0,Broker,0
205741,50580,Motor,2582.66,375,1,3,1,Phone,0
205742,54141,Home,2048.57,1399,4,6,1,Online,1
205743,54017,Motor,4497.19,1142,2,1,0,Online,0
205744,52256,Motor,5154.93,2065,0,2,0,Online,1
205745,51109,Motor,1539.46,2513,1,2,1,Online,0
205746,52486,Motor,1642.42,1268,1,6,0,Online,0
205747,51908,Motor,526.31,3597,3,1,0,Online,0
205748,50616,Motor,4736.32,2529,3,1,0,Online,1
205749,52785,Home,11106.18,749,1,7,0,Broker,0
205750,53729,Motor,3929.87,2224,0,2,0,Phone,0
205751,50609,Motor,1272.02,3209,0,3,0,Phone,0
205752,50636,Home,4587.64,1275,1,4,0,Phone,1
205753,54027,Home,3860.88,2550,1,1,0,Phone,1
205754,51198,Motor,3208.6,701,1,2,0,Broker,0
205755,55919,Home,2445.55,2092,0,2,0,Broker,0
205756,52922,Motor,1013.3,1736,2,6,1,Phone,0
205757,55516,Motor,218.81,3011,1,5,0,Online,0
205758,51521,Motor,2504.66,58,1,2,0,Online,0
205759,51793,Motor,1569.18,222,0,3,0,Phone,0
205760,54394,Motor,935.65,3294,1,2,1,Online,1
205761,52099,Home,3831.07,2597,3,3,0,Online,0
205762,50785,Motor,887.64,1409,1,7,0,Phone,0
205763,50191,Motor,4303.04,3318,4,2,0,Online,0
205764,50430,Travel,662.38,2038,1,6,1,Online,0
205765,50170,Home,3343.02,570,4,5,1,Online,0
205766,52255,Motor,3538.35,2457,0,4,0,Online,0
205767,52527,Home,4516.57,2405,1,7,0,Broker,0
205768,50154,Home,1530.7,3374,0,8,0,Online,0
205769,54438,Travel,3277.42,711,0,2,1,Online,0
205770,50865,Travel,1125.85,1768,2,4,0,Broker,1
205771,50167,Home,2097.38,3492,1,6,0,Online,0
205772,53273,Home,2321.12,3061,1,7,0,Broker,0
205773,55518,Home,1760.24,3118,3,3,0,Broker,1
205774,53033,Motor,5434.99,369,0,2,0,Broker,0
205775,55769,Home,6954.09,751,0,5,1,Broker,0
205776,54316,Home,5573.16,188,2,4,0,Online,1
205777,51699,Travel,5798.0,1445,2,2,1,Phone,0
205778,53090,Motor,1335.15,2426,0,6,0,Phone,0
205779,55578,Home,447.4,2656,1,0,0,Broker,0
205780,53525,Home,3054.31,1265,0,5,0,Online,0
205781,50947,Home,3520.92,1824,1,5,0,Online,0
205782,55988,Motor,2726.06,3130,2,4,0,Broker,0
205783,52756,Travel,2699.59,2438,1,1,0,Broker,0
205784,52276,Home,2843.87,518,0,4,0,Online,0
205785,51253,Home,526.46,78,1,4,0,Phone,0
205786,55759,Motor,4246.86,1449,0,4,0,Phone,1
205787,54510,Motor,2721.45,2068,0,9,0,Online,0
205788,51478,Motor,4605.72,1025,2,1,0,Online,0
205789,50866,Travel,2575.28,2286,1,2,0,Online,0
205790,54278,Home,3813.97,2961,0,1,1,Phone,0
205791,50746,Motor,1655.99,1331,1,5,1,Phone,1
205792,51293,Home,1667.78,1440,0,9,0,Online,0
205793,50778,Home,2144.76,3217,0,3,1,Online,0
205794,52273,Motor,6311.16,1603,2,4,1,Online,1
205795,54931,Home,1390.19,2802,2,6,1,Phone,0
205796,53171,Home,243.7,3516,0,6,1,Phone,0
205797,55895,Home,3214.35,1327,0,3,0,Broker,0
205798,52294,Motor,3974.21,2469,3,1,0,Online,0
205799,50456,Motor,5748.5,894,0,4,1,Phone,0
205800,52282,Motor,6614.04,1540,1,3,0,Online,0
205801,50205,Travel,936.54,2590,2,5,0,Online,0
205802,52005,Motor,1700.1,2353,1,1,0,Phone,0
205803,54982,Home,2528.36,1983,1,8,1,Online,0
205804,50100,Travel,3472.99,2954,1,3,0,Broker,0
205805,53418,Motor,4601.95,2958,2,6,1,Online,0
205806,51262,Travel,4927.74,1280,1,6,0,Online,1
205807,55075,Motor,2127.87,2137,3,4,0,Phone,0
205808,54740,Home,6949.8,387,3,3,0,Phone,0
205809,52905,Motor,622.22,887,0,2,0,Broker,0
205810,51034,Motor,1285.4,323,0,4,0,Online,0
205811,52137,Travel,3944.67,2161,1,3,0,Broker,0
205812,51033,Travel,493.02,2468,1,4,0,Online,0
205813,55785,Motor,4945.23,2952,0,5,1,Online,0
205814,51365,Home,2427.23,1447,2,8,1,Online,1
205815,51628,Home,1710.48,1156,0,4,1,Online,0
205816,52085,Motor,748.74,1573,1,2,0,Phone,0
205817,54836,Home,1560.45,1495,2,3,0,Online,0
205818,52137,Motor,2277.05,905,0,4,1,Online,0
205819,50866,Motor,4000.63,2090,0,1,0,Online,0
205820,53433,Motor,3319.8,230,2,2,0,Online,1
205821,50806,Motor,998.68,2584,1,3,0,Phone,0
205822,53512,Home,586.23,3404,2,4,0,Online,0
205823,53615,Home,5898.52,1952,0,3,1,Broker,0
205824,53667,Motor,5788.32,197,1,5,1,Phone,0
205825,55888,Motor,5984.33,50,1,2,0,Phone,0
205826,50302,Travel,3130.33,1729,3,2,1,Broker,0
205827,53606,Travel,1342.21,597,1,2,0,Phone,0
205828,54735,Travel,224.03,2252,4,3,0,Online,0
205829,50312,Motor,1059.16,770,0,3,0,Broker,1
205830,53885,Motor,11081.58,624,0,3,0,Online,0
205831,51563,Motor,2778.43,3323,1,1,0,Online,0
205832,55464,Home,3908.58,3092,3,3,0,Online,0
205833,52703,Motor,6938.58,233,0,3,0,Online,1
205834,50751,Home,1056.58,2323,0,6,0,Phone,0
205835,50248,Motor,1827.39,720,2,5,0,Broker,1
205836,53772,Motor,2164.05,1566,1,5,0,Online,0
205837,54313,Motor,2262.72,97,1,6,0,Online,0
205838,54528,Motor,2245.82,1546,0,3,0,Broker,0
205839,52552,Travel,2259.06,494,0,5,0,Online,0
205840,54759,Motor,3748.55,404,0,3,0,Online,0
205841,53475,Home,2701.1,1653,1,1,0,Phone,0
205842,50074,Motor,1053.36,403,0,5,0,Phone,0
205843,54096,Home,1774.53,207,2,5,0,Online,0
205844,50330,Home,2843.04,3118,0,6,1,Broker,0
205845,52943,Motor,8316.49,1814,0,3,0,Online,0
205846,55538,Motor,1443.66,330,0,2,0,Online,0
205847,54269,Motor,2903.07,2826,2,5,0,Phone,0
205848,55310,Motor,5044.45,3542,2,2,1,Online,0
205849,54845,Home,3883.64,1780,0,3,1,Online,0
205850,53406,Home,2184.44,298,1,6,0,Online,0
205851,54968,Motor,1785.39,954,2,5,0,Broker,0
205852,55324,Travel,5403.92,762,1,5,1,Online,0
205853,55267,Home,2503.74,3086,2,5,0,Online,0
205854,53226,Travel,1938.22,3352,2,4,0,Online,1
205855,50363,Motor,7392.76,2097,0,5,0,Phone,1
205856,54834,Home,1318.2,3115,1,3,0,Phone,1
205857,51321,Home,3569.7,860,2,5,1,Online,0
205858,52355,Home,2479.87,1809,1,6,1,Online,0
205859,54826,Motor,3864.66,3156,3,7,0,Online,0
205860,52152,Home,2443.56,59,0,3,1,Online,0
205861,51828,Motor,3837.34,3588,1,2,1,Online,1
205862,54300,Travel,4126.9,1555,1,1,1,Phone,1
205863,53632,Travel,2100.95,754,1,3,0,Phone,0
205864,55900,Travel,1508.24,2589,0,0,0,Online,0
205865,51511,Motor,952.4,969,2,5,0,Online,0
205866,51220,Motor,2204.4,3118,0,2,0,Online,0
205867,53373,Home,1767.84,3566,0,2,0,Online,0
205868,52904,Home,12445.41,1304,1,5,1,Phone,0
205869,55953,Motor,1274.66,2869,4,8,1,Phone,0
205870,53597,Home,435.07,3066,2,5,0,Phone,0
205871,55814,Home,1763.69,1263,3,1,0,Phone,0
205872,55133,Home,954.6,2339,1,3,0,Online,0
205873,54139,Travel,1457.93,1843,1,5,0,Online,0
205874,52191,Travel,2577.0,1073,1,3,0,Online,1
205875,54413,Home,2309.86,566,1,4,0,Online,0
205876,54542,Motor,4683.03,1393,0,4,0,Phone,0
205877,51660,Motor,1072.18,218,1,2,0,Online,1
205878,54950,Travel,4875.41,1055,2,8,0,Online,1
205879,52858,Home,2767.95,3431,4,5,1,Online,0
205880,55111,Home,3572.48,2991,0,7,0,Online,0
205881,53001,Travel,3183.61,3620,1,3,1,Phone,0
205882,53897,Motor,1929.36,2549,0,6,1,Online,0
205883,53317,Home,3647.34,764,0,2,1,Phone,0
205884,51895,Home,5438.7,208,0,5,0,Online,0
205885,55397,Motor,2075.84,2218,1,5,0,Phone,0
205886,53093,Home,3621.51,2064,1,8,0,Online,0
205887,55753,Motor,2120.82,3135,1,5,0,Broker,0
205888,53106,Home,5169.86,1646,0,3,0,Online,0
205889,50665,Motor,4316.92,2869,0,2,1,Phone,1
205890,51280,Motor,1582.4,3313,2,5,0,Phone,0
205891,51533,Motor,3611.58,3587,0,5,1,Phone,0
205892,51654,Motor,1509.32,314,1,5,0,Phone,0
205893,55002,Travel,1223.51,2177,2,3,1,Phone,0
205894,52924,Motor,874.66,3509,2,8,0,Online,0
205895,52659,Motor,994.78,2231,1,4,0,Broker,0
205896,54558,Travel,2481.6,801,1,1,0,Online,0
205897,55572,Travel,4891.97,2054,0,2,0,Phone,0
205898,50730,Motor,1430.82,3311,2,5,1,Phone,0
205899,51936,Motor,6392.17,726,0,4,0,Online,0
205900,50001,Home,1181.83,3445,0,3,0,Online,1
205901,50181,Motor,4406.71,2428,0,4,1,Online,1
205902,52865,Motor,2927.16,3219,2,4,1,Broker,0
205903,50049,Motor,3639.82,3334,4,5,1,Phone,1
205904,50836,Motor,931.56,1571,1,3,0,Online,1
205905,54644,Home,1611.77,2769,1,4,0,Online,0
205906,51758,Motor,1593.45,2936,0,3,0,Online,1
205907,51507,Travel,610.53,461,0,8,0,Online,0
205908,50547,Motor,7425.01,1920,0,6,0,Phone,1
205909,52371,Motor,4575.01,3057,2,1,1,Phone,0
205910,53555,Home,852.48,1569,1,2,0,Online,0
205911,51170,Motor,1315.18,1397,1,4,0,Online,0
205912,51093,Motor,5110.26,2641,4,8,0,Online,0
205913,50721,Motor,1572.52,436,1,3,0,Online,0
205914,55789,Home,4276.37,1034,1,1,0,Phone,0
205915,54538,Home,2471.21,2467,1,3,0,Online,0
205916,51868,Home,885.21,3037,3,3,1,Online,0
205917,51022,Home,519.13,2221,1,1,0,Online,0
205918,51250,Motor,4444.39,1851,1,4,1,Online,0
205919,53898,Home,4279.95,2204,4,3,0,Phone,0
205920,52061,Travel,2181.02,2509,2,4,0,Online,0
205921,53042,Travel,2323.39,3585,2,6,0,Phone,1
205922,50352,Motor,5169.95,2536,1,4,0,Online,0
205923,52564,Home,4300.07,2697,1,2,0,Online,0
205924,54088,Motor,3212.1,869,0,5,0,Phone,0
205925,50198,Home,2523.79,71,1,5,0,Online,1
205926,50542,Home,4043.34,1537,0,3,0,Online,0
205927,50445,Motor,1083.44,911,2,5,0,Online,0
205928,54624,Travel,2215.54,2686,1,4,0,Broker,1
205929,51100,Home,538.99,928,4,8,0,Online,0
205930,50238,Home,1179.72,3130,3,5,0,Phone,0
205931,54702,Motor,4218.4,2569,2,4,1,Online,0
205932,52249,Motor,812.16,88,0,4,1,Online,0
205933,53844,Motor,5800.32,3527,0,8,0,Phone,0
205934,51066,Home,5314.44,239,0,3,1,Phone,0
205935,54425,Home,692.2,1210,1,5,0,Online,1
205936,54190,Home,407.75,2141,0,3,0,Phone,0
205937,52711,Motor,2007.02,86,1,4,1,Phone,1
205938,50668,Travel,1150.55,89,0,4,1,Broker,0
205939,52442,Motor,3477.53,3395,2,4,0,Broker,0
205940,53835,Motor,4754.31,1201,1,6,1,Online,0
205941,52735,Motor,251.2,468,0,6,0,Phone,0
205942,53022,Motor,3676.85,903,0,2,0,Online,0
205943,52940,Motor,6165.26,3360,4,4,0,Online,0
205944,52651,Home,3578.78,1054,0,8,0,Phone,1
205945,52774,Home,4037.56,1863,1,4,0,Online,0
205946,54373,Travel,6216.26,1826,1,7,0,Online,0
205947,50313,Motor,1713.91,997,2,4,0,Phone,0
205948,50764,Home,866.35,2118,0,4,0,Online,1
205949,55763,Motor,663.53,1289,1,4,1,Phone,0
205950,55995,Home,1354.12,2796,0,2,1,Online,0
205951,55736,Motor,2301.12,3637,2,3,1,Online,0
205952,50754,Home,2396.55,2838,1,3,0,Online,0
205953,51889,Home,1804.95,1527,0,6,0,Phone,0
205954,54242,Motor,3940.59,345,1,2,0,Broker,0
205955,53880,Motor,2806.69,962,0,5,0,Broker,0
205956,52810,Motor,708.72,3436,0,3,0,Broker,0
205957,50052,Motor,1048.85,695,2,3,0,Online,0
205958,55510,Home,722.74,1002,1,5,0,Broker,0
205959,51383,Motor,1796.6,1100,1,1,0,Phone,1
205960,51732,Travel,2940.85,3505,0,6,0,Broker,0
205961,52354,Motor,1694.97,75,1,5,0,Phone,1
205962,54635,Home,489.94,2619,2,5,1,Phone,0
205963,52421,Motor,1576.75,3522,0,3,0,Phone,0
205964,55301,Home,292.36,1849,2,2,0,Phone,0
205965,52919,Home,6088.52,3412,3,6,0,Online,1
205966,52168,Motor,6071.87,1042,0,4,0,Phone,1
205967,54451,Motor,1787.16,1724,1,5,1,Online,0
205968,50299,Home,1406.64,864,2,1,0,Online,0
205969,55933,Motor,2215.73,2485,0,1,1,Phone,0
205970,54856,Motor,6444.15,2559,0,1,0,Online,0
205971,55737,Motor,2858.39,988,0,5,1,Phone,0
205972,52349,Motor,650.92,2432,0,6,0,Online,0
205973,52349,Motor,4014.44,471,1,2,0,Phone,0
205974,55364,Motor,2054.86,550,1,4,0,Phone,0
205975,55474,Travel,4401.82,2019,1,7,0,Online,1
205976,50578,Motor,667.89,1484,0,3,0,Online,0
205977,51348,Home,5976.12,870,0,3,1,Online,0
205978,52141,Motor,1115.21,373,0,1,1,Online,0
205979,51307,Motor,3435.49,1394,2,2,0,Online,1
205980,51224,Motor,3115.66,2590,1,3,0,Online,0
205981,51005,Motor,2192.71,1704,0,3,0,Online,0
205982,54941,Motor,4035.32,1756,2,1,0,Online,0
205983,50113,Motor,2028.16,1607,0,7,0,Online,0
205984,50237,Motor,1966.7,271,1,5,0,Online,0
205985,53956,Motor,1395.94,1282,1,2,0,Online,1
205986,50937,Travel,2888.16,827,3,1,0,Phone,0
205987,50080,Motor,1974.29,711,1,3,1,Online,0
205988,55310,Home,953.51,1215,2,6,0,Online,0
205989,51782,Motor,2825.61,3514,0,2,0,Phone,0
205990,51651,Home,987.02,2929,1,1,0,Phone,0
205991,55576,Motor,1052.87,1869,0,4,1,Broker,0
205992,54746,Home,1525.52,3286,1,6,0,Online,0
205993,52088,Home,2296.44,1418,3,1,0,Online,0
205994,51945,Travel,1940.41,49,2,4,0,Online,0
205995,55130,Travel,465.08,2487,0,7,0,Phone,1
205996,53652,Home,1059.97,2216,0,4,0,Phone,0
205997,54594,Home,1519.41,2902,1,6,0,Phone,0
205998,51178,Home,1852.84,1341,0,4,0,Phone,0
205999,54914,Motor,6362.72,1122,0,1,0,Phone,1
206000,55760,Home,1847.13,289,0,7,0,Phone,1
